"ï..Security.name","Company.name","cusip","Security.id"
"3M COMPANY SNR MR14 5Y $","3M COMPANY ","88579Y101","MMM5$AR"
"ABBOTT LABORATORIES SNR MR14 5Y $","ABBOTT LABORATORIES ","2824100","ABT5$AR"
"AMERICAN EXPRESS CO SNR MR14 5Y $","AMERICAN EXPRESS CO ","25816109","AXP5$AR"
"CAPITAL ONE FINL SNR MR14 5Y $","CAPITAL ONE FINL ","14040H105","COF5$AR"
"COMMERCIAL METALS SNR MR14 5Y $","COMMERCIAL METALS ","201723103","CMC5$AR"
"CONOCOPHILLIPS CO SNR MR14 5Y $","CONOCOPHILLIPS CO ","20825C104","CPH5$AR"
"ENBRIDGE EN PTNS LP SNR MR14 5Y $","ENBRIDGE EN PTNS LP ","29250N105","EEP5$AR"
"3M COMPANY SNR MR14 10Y $","3M COMPANY ","88579Y101","MMMA$AR"
"3M COMPANY SNR MR14 1Y $","3M COMPANY ","88579Y101","MMM1$AR"
"3M COMPANY SNR MR14 20Y $","3M COMPANY ","88579Y101","MMMB$AR"
"3M COMPANY SNR MR14 2Y $","3M COMPANY ","88579Y101","MMM2$AR"
"3M COMPANY SNR MR14 30Y $","3M COMPANY ","88579Y101","MMMC$AR"
"3M COMPANY SNR MR14 3Y $","3M COMPANY ","88579Y101","MMM3$AR"
"3M COMPANY SNR MR14 4Y $","3M COMPANY ","88579Y101","MMM4$AR"
"3M COMPANY SNR MR14 6M $","3M COMPANY ","88579Y101","MMM0$AR"
"3M COMPANY SNR MR14 7Y $","3M COMPANY ","88579Y101","MMM7$AR"
"ABBOTT LABORATORIES SNR MR14 10Y $","ABBOTT LABORATORIES ","2824100","ABTA$AR"
"ABBOTT LABORATORIES SNR MR14 1Y $","ABBOTT LABORATORIES ","2824100","ABT1$AR"
"ABBOTT LABORATORIES SNR MR14 20Y $","ABBOTT LABORATORIES ","2824100","ABTB$AR"
"ABBOTT LABORATORIES SNR MR14 2Y $","ABBOTT LABORATORIES ","2824100","ABT2$AR"
"ABBOTT LABORATORIES SNR MR14 30Y $","ABBOTT LABORATORIES ","2824100","ABTC$AR"
"ABBOTT LABORATORIES SNR MR14 3Y $","ABBOTT LABORATORIES ","2824100","ABT3$AR"
"ABBOTT LABORATORIES SNR MR14 4Y $","ABBOTT LABORATORIES ","2824100","ABT4$AR"
"ABBOTT LABORATORIES SNR MR14 6M $","ABBOTT LABORATORIES ","2824100","ABT0$AR"
"ABBOTT LABORATORIES SNR MR14 7Y $","ABBOTT LABORATORIES ","2824100","ABT7$AR"
"AETNA INC. SNR MR14 10Y $","AETNA INC. ","00817Y108","AETA$AR"
"AETNA INC. SNR MR14 1Y $","AETNA INC. ","00817Y108","AET1$AR"
"AETNA INC. SNR MR14 20Y $","AETNA INC. ","00817Y108","AETB$AR"
"AETNA INC. SNR MR14 2Y $","AETNA INC. ","00817Y108","AET2$AR"
"AETNA INC. SNR MR14 30Y $","AETNA INC. ","00817Y108","AETC$AR"
"AETNA INC. SNR MR14 3Y $","AETNA INC. ","00817Y108","AET3$AR"
"AETNA INC. SNR MR14 4Y $","AETNA INC. ","00817Y108","AET4$AR"
"AETNA INC. SNR MR14 5Y $","AETNA INC. ","00817Y108","AET5$AR"
"AETNA INC. SNR MR14 6M $","AETNA INC. ","00817Y108","AET0$AR"
"AETNA INC. SNR MR14 7Y $","AETNA INC. ","00817Y108","AET7$AR"
"ALLEGHENY TECHS SNR MR14 10Y $","ALLEGHENY TECHS ","01741R102","ATIA$AR"
"ALLEGHENY TECHS SNR MR14 1Y $","ALLEGHENY TECHS ","01741R102","ATI1$AR"
"ALLEGHENY TECHS SNR MR14 20Y $","ALLEGHENY TECHS ","01741R102","ATIB$AR"
"ALLEGHENY TECHS SNR MR14 2Y $","ALLEGHENY TECHS ","01741R102","ATI2$AR"
"ALLEGHENY TECHS SNR MR14 30Y $","ALLEGHENY TECHS ","01741R102","ATIC$AR"
"ALLEGHENY TECHS SNR MR14 3Y $","ALLEGHENY TECHS ","01741R102","ATI3$AR"
"ALLEGHENY TECHS SNR MR14 4Y $","ALLEGHENY TECHS ","01741R102","ATI4$AR"
"ALLEGHENY TECHS SNR MR14 5Y $","ALLEGHENY TECHS ","01741R102","ATI5$AR"
"ALLEGHENY TECHS SNR MR14 6M $","ALLEGHENY TECHS ","01741R102","ATI0$AR"
"ALLEGHENY TECHS SNR MR14 7Y $","ALLEGHENY TECHS ","01741R102","ATI7$AR"
"ALLERGAN, INC. SNR MR14 10Y $","ALLERGAN, INC. ","18490102","AGNA$AR"
"ALLERGAN, INC. SNR MR14 1Y $","ALLERGAN, INC. ","18490102","AGN1$AR"
"ALLERGAN, INC. SNR MR14 20Y $","ALLERGAN, INC. ","18490102","AGNB$AR"
"ALLERGAN, INC. SNR MR14 2Y $","ALLERGAN, INC. ","18490102","AGN2$AR"
"ALLERGAN, INC. SNR MR14 30Y $","ALLERGAN, INC. ","18490102","AGNC$AR"
"ALLERGAN, INC. SNR MR14 3Y $","ALLERGAN, INC. ","18490102","AGN3$AR"
"ALLERGAN, INC. SNR MR14 4Y $","ALLERGAN, INC. ","18490102","AGN4$AR"
"ALLERGAN, INC. SNR MR14 5Y $","ALLERGAN, INC. ","18490102","AGN5$AR"
"ALLERGAN, INC. SNR MR14 6M $","ALLERGAN, INC. ","18490102","AGN0$AR"
"ALLERGAN, INC. SNR MR14 7Y $","ALLERGAN, INC. ","18490102","AGN7$AR"
"ALLTEL CORPORATION SNR MR14 10Y $","ALLTEL CORPORATION ","20039103","ATEA$AR"
"ALLTEL CORPORATION SNR MR14 1Y $","ALLTEL CORPORATION ","20039103","ATE1$AR"
"ALLTEL CORPORATION SNR MR14 20Y $","ALLTEL CORPORATION ","20039103","ATEB$AR"
"ALLTEL CORPORATION SNR MR14 2Y $","ALLTEL CORPORATION ","20039103","ATE2$AR"
"ALLTEL CORPORATION SNR MR14 30Y $","ALLTEL CORPORATION ","20039103","ATEC$AR"
"ALLTEL CORPORATION SNR MR14 3Y $","ALLTEL CORPORATION ","20039103","ATE3$AR"
"ALLTEL CORPORATION SNR MR14 4Y $","ALLTEL CORPORATION ","20039103","ATE4$AR"
"ALLTEL CORPORATION SNR MR14 5Y $","ALLTEL CORPORATION ","20039103","ATE5$AR"
"ALLTEL CORPORATION SNR MR14 6M $","ALLTEL CORPORATION ","20039103","ATE0$AR"
"ALLTEL CORPORATION SNR MR14 7Y $","ALLTEL CORPORATION ","20039103","ATE7$AR"
"ALTRIA GROUP, INC. SNR MR14 10Y $","ALTRIA GROUP, INC. ","02209S103","MO.A$AR"
"ALTRIA GROUP, INC. SNR MR14 1Y $","ALTRIA GROUP, INC. ","02209S103","MO.1$AR"
"ALTRIA GROUP, INC. SNR MR14 20Y $","ALTRIA GROUP, INC. ","02209S103","MO.B$AR"
"ALTRIA GROUP, INC. SNR MR14 2Y $","ALTRIA GROUP, INC. ","02209S103","MO.2$AR"
"ALTRIA GROUP, INC. SNR MR14 30Y $","ALTRIA GROUP, INC. ","02209S103","MO.C$AR"
"ALTRIA GROUP, INC. SNR MR14 3Y $","ALTRIA GROUP, INC. ","02209S103","MO.3$AR"
"ALTRIA GROUP, INC. SNR MR14 4Y $","ALTRIA GROUP, INC. ","02209S103","MO.4$AR"
"ALTRIA GROUP, INC. SNR MR14 5Y $","ALTRIA GROUP, INC. ","02209S103","MO.5$AR"
"ALTRIA GROUP, INC. SNR MR14 6M $","ALTRIA GROUP, INC. ","02209S103","MO.0$AR"
"ALTRIA GROUP, INC. SNR MR14 7Y $","ALTRIA GROUP, INC. ","02209S103","MO.7$AR"
"AMEREN CORPORATION SNR MR14 10Y $","AMEREN CORPORATION ","23608102","AEEA$AR"
"AMEREN CORPORATION SNR MR14 1Y $","AMEREN CORPORATION ","23608102","AEE1$AR"
"AMEREN CORPORATION SNR MR14 20Y $","AMEREN CORPORATION ","23608102","AEEB$AR"
"AMEREN CORPORATION SNR MR14 2Y $","AMEREN CORPORATION ","23608102","AEE2$AR"
"AMEREN CORPORATION SNR MR14 30Y $","AMEREN CORPORATION ","23608102","AEEC$AR"
"AMEREN CORPORATION SNR MR14 3Y $","AMEREN CORPORATION ","23608102","AEE3$AR"
"AMEREN CORPORATION SNR MR14 4Y $","AMEREN CORPORATION ","23608102","AEE4$AR"
"AMEREN CORPORATION SNR MR14 5Y $","AMEREN CORPORATION ","23608102","AEE5$AR"
"AMEREN CORPORATION SNR MR14 6M $","AMEREN CORPORATION ","23608102","AEE0$AR"
"AMEREN CORPORATION SNR MR14 7Y $","AMEREN CORPORATION ","23608102","AEE7$AR"
"AMERICAN EXPRESS CO SNR MR14 10Y $","AMERICAN EXPRESS CO ","25816109","AXPA$AR"
"AMERICAN EXPRESS CO SNR MR14 1Y $","AMERICAN EXPRESS CO ","25816109","AXP1$AR"
"AMERICAN EXPRESS CO SNR MR14 20Y $","AMERICAN EXPRESS CO ","25816109","AXPB$AR"
"AMERICAN EXPRESS CO SNR MR14 2Y $","AMERICAN EXPRESS CO ","25816109","AXP2$AR"
"AMERICAN EXPRESS CO SNR MR14 30Y $","AMERICAN EXPRESS CO ","25816109","AXPC$AR"
"AMERICAN EXPRESS CO SNR MR14 3Y $","AMERICAN EXPRESS CO ","25816109","AXP3$AR"
"AMERICAN EXPRESS CO SNR MR14 4Y $","AMERICAN EXPRESS CO ","25816109","AXP4$AR"
"AMERICAN EXPRESS CO SNR MR14 6M $","AMERICAN EXPRESS CO ","25816109","AXP0$AR"
"AMERICAN EXPRESS CO SNR MR14 7Y $","AMERICAN EXPRESS CO ","25816109","AXP7$AR"
"AMGEN INC. SNR MR14 10Y $","AMGEN INC. ","31162100","AMGA$AR"
"AMGEN INC. SNR MR14 1Y $","AMGEN INC. ","31162100","AMG1$AR"
"AMGEN INC. SNR MR14 20Y $","AMGEN INC. ","31162100","AMGB$AR"
"AMGEN INC. SNR MR14 2Y $","AMGEN INC. ","31162100","AMG2$AR"
"AMGEN INC. SNR MR14 30Y $","AMGEN INC. ","31162100","AMGC$AR"
"AMGEN INC. SNR MR14 3Y $","AMGEN INC. ","31162100","AMG3$AR"
"AMGEN INC. SNR MR14 4Y $","AMGEN INC. ","31162100","AMG4$AR"
"AMGEN INC. SNR MR14 5Y $","AMGEN INC. ","31162100","AMG5$AR"
"AMGEN INC. SNR MR14 6M $","AMGEN INC. ","31162100","AMG0$AR"
"AMGEN INC. SNR MR14 7Y $","AMGEN INC. ","31162100","AMG7$AR"
"ANADARKO PETROL COR SNR MR14 10Y $","ANADARKO PETROL COR ","32511107","APCA$AR"
"ANADARKO PETROL COR SNR MR14 1Y $","ANADARKO PETROL COR ","32511107","APC1$AR"
"ANADARKO PETROL COR SNR MR14 20Y $","ANADARKO PETROL COR ","32511107","APCB$AR"
"ANADARKO PETROL COR SNR MR14 2Y $","ANADARKO PETROL COR ","32511107","APC2$AR"
"ANADARKO PETROL COR SNR MR14 30Y $","ANADARKO PETROL COR ","32511107","APCC$AR"
"ANADARKO PETROL COR SNR MR14 3Y $","ANADARKO PETROL COR ","32511107","APC3$AR"
"ANADARKO PETROL COR SNR MR14 4Y $","ANADARKO PETROL COR ","32511107","APC4$AR"
"ANADARKO PETROL COR SNR MR14 5Y $","ANADARKO PETROL COR ","32511107","APC5$AR"
"ANADARKO PETROL COR SNR MR14 6M $","ANADARKO PETROL COR ","32511107","APC0$AR"
"ANADARKO PETROL COR SNR MR14 7Y $","ANADARKO PETROL COR ","32511107","APC7$AR"
"ARCHER-DANIELS-MIDL SNR MR14 10Y $","ARCHER-DANIELS-MIDL ","39483102","ADMA$AR"
"ARCHER-DANIELS-MIDL SNR MR14 1Y $","ARCHER-DANIELS-MIDL ","39483102","ADM1$AR"
"ARCHER-DANIELS-MIDL SNR MR14 20Y $","ARCHER-DANIELS-MIDL ","39483102","ADMB$AR"
"ARCHER-DANIELS-MIDL SNR MR14 2Y $","ARCHER-DANIELS-MIDL ","39483102","ADM2$AR"
"ARCHER-DANIELS-MIDL SNR MR14 30Y $","ARCHER-DANIELS-MIDL ","39483102","ADMC$AR"
"ARCHER-DANIELS-MIDL SNR MR14 3Y $","ARCHER-DANIELS-MIDL ","39483102","ADM3$AR"
"ARCHER-DANIELS-MIDL SNR MR14 4Y $","ARCHER-DANIELS-MIDL ","39483102","ADM4$AR"
"ARCHER-DANIELS-MIDL SNR MR14 5Y $","ARCHER-DANIELS-MIDL ","39483102","ADM5$AR"
"ARCHER-DANIELS-MIDL SNR MR14 5Y $","ARCHER-DANIELS-MIDL ","39483102","ADM5$AR"
"ARCHER-DANIELS-MIDL SNR MR14 6M $","ARCHER-DANIELS-MIDL ","39483102","ADM0$AR"
"ARCHER-DANIELS-MIDL SNR MR14 7Y $","ARCHER-DANIELS-MIDL ","39483102","ADM7$AR"
"ARROW ELECTRONICS SNR MR14 10Y $","ARROW ELECTRONICS ","42735100","ARWA$AR"
"ARROW ELECTRONICS SNR MR14 1Y $","ARROW ELECTRONICS ","42735100","ARW1$AR"
"ARROW ELECTRONICS SNR MR14 20Y $","ARROW ELECTRONICS ","42735100","ARWB$AR"
"ARROW ELECTRONICS SNR MR14 2Y $","ARROW ELECTRONICS ","42735100","ARW2$AR"
"ARROW ELECTRONICS SNR MR14 30Y $","ARROW ELECTRONICS ","42735100","ARWC$AR"
"ARROW ELECTRONICS SNR MR14 3Y $","ARROW ELECTRONICS ","42735100","ARW3$AR"
"ARROW ELECTRONICS SNR MR14 4Y $","ARROW ELECTRONICS ","42735100","ARW4$AR"
"ARROW ELECTRONICS SNR MR14 5Y $","ARROW ELECTRONICS ","42735100","ARW5$AR"
"ARROW ELECTRONICS SNR MR14 6M $","ARROW ELECTRONICS ","42735100","ARW0$AR"
"ARROW ELECTRONICS SNR MR14 7Y $","ARROW ELECTRONICS ","42735100","ARW7$AR"
"ASHLAND LLC SNR MR14 10Y $","ASHLAND LLC ","44186104","ASHA$AR"
"ASHLAND LLC SNR MR14 1Y $","ASHLAND LLC ","44186104","ASH1$AR"
"ASHLAND LLC SNR MR14 20Y $","ASHLAND LLC ","44186104","ASHB$AR"
"ASHLAND LLC SNR MR14 2Y $","ASHLAND LLC ","44186104","ASH2$AR"
"ASHLAND LLC SNR MR14 30Y $","ASHLAND LLC ","44186104","ASHC$AR"
"ASHLAND LLC SNR MR14 3Y $","ASHLAND LLC ","44186104","ASH3$AR"
"ASHLAND LLC SNR MR14 4Y $","ASHLAND LLC ","44186104","ASH4$AR"
"ASHLAND LLC SNR MR14 5Y $","ASHLAND LLC ","44186104","ASH5$AR"
"ASHLAND LLC SNR MR14 6M $","ASHLAND LLC ","44186104","ASH0$AR"
"ASHLAND LLC SNR MR14 7Y $","ASHLAND LLC ","44186104","ASH7$AR"
"AT&T CORP. SNR MR14 10Y $","AT&T CORP. ","1957505","TTTA$AR"
"AT&T CORP. SNR MR14 1Y $","AT&T CORP. ","1957505","TTT1$AR"
"AT&T CORP. SNR MR14 20Y $","AT&T CORP. ","1957505","TTTB$AR"
"AT&T CORP. SNR MR14 2Y $","AT&T CORP. ","1957505","TTT2$AR"
"AT&T CORP. SNR MR14 30Y $","AT&T CORP. ","1957505","TTTC$AR"
"AT&T CORP. SNR MR14 3Y $","AT&T CORP. ","1957505","TTT3$AR"
"AT&T CORP. SNR MR14 4Y $","AT&T CORP. ","1957505","TTT4$AR"
"AT&T CORP. SNR MR14 5Y $","AT&T CORP. ","1957505","TTT5$AR"
"AT&T CORP. SNR MR14 6M $","AT&T CORP. ","1957505","TTT0$AR"
"AT&T CORP. SNR MR14 7Y $","AT&T CORP. ","1957505","TTT7$AR"
"AT&T INC. SNR MR14 10Y $","AT&T INC. ","00206R102","T..A$AR"
"AT&T INC. SNR MR14 1Y $","AT&T INC. ","00206R102","T..1$AR"
"AT&T INC. SNR MR14 20Y $","AT&T INC. ","00206R102","T..B$AR"
"AT&T INC. SNR MR14 2Y $","AT&T INC. ","00206R102","T..2$AR"
"AT&T INC. SNR MR14 30Y $","AT&T INC. ","00206R102","T..C$AR"
"AT&T INC. SNR MR14 3Y $","AT&T INC. ","00206R102","T..3$AR"
"AT&T INC. SNR MR14 4Y $","AT&T INC. ","00206R102","T..4$AR"
"AT&T INC. SNR MR14 5Y $","AT&T INC. ","00206R102","T..5$AR"
"AT&T INC. SNR MR14 6M $","AT&T INC. ","00206R102","T..0$AR"
"AT&T INC. SNR MR14 7Y $","AT&T INC. ","00206R102","T..7$AR"
"AUTOZONE, INC. SNR MR14 10Y $","AUTOZONE, INC. ","53332102","AZOA$AR"
"AUTOZONE, INC. SNR MR14 1Y $","AUTOZONE, INC. ","53332102","AZO1$AR"
"AUTOZONE, INC. SNR MR14 20Y $","AUTOZONE, INC. ","53332102","AZOB$AR"
"AUTOZONE, INC. SNR MR14 2Y $","AUTOZONE, INC. ","53332102","AZO2$AR"
"AUTOZONE, INC. SNR MR14 30Y $","AUTOZONE, INC. ","53332102","AZOC$AR"
"AUTOZONE, INC. SNR MR14 3Y $","AUTOZONE, INC. ","53332102","AZO3$AR"
"AUTOZONE, INC. SNR MR14 4Y $","AUTOZONE, INC. ","53332102","AZO4$AR"
"AUTOZONE, INC. SNR MR14 5Y $","AUTOZONE, INC. ","53332102","AZO5$AR"
"AUTOZONE, INC. SNR MR14 6M $","AUTOZONE, INC. ","53332102","AZO0$AR"
"AUTOZONE, INC. SNR MR14 7Y $","AUTOZONE, INC. ","53332102","AZO7$AR"
"AVERY DENNISON CORP SNR MR14 10Y $","AVERY DENNISON CORP ","53611109","AVYA$AR"
"AVERY DENNISON CORP SNR MR14 1Y $","AVERY DENNISON CORP ","53611109","AVY1$AR"
"AVERY DENNISON CORP SNR MR14 20Y $","AVERY DENNISON CORP ","53611109","AVYB$AR"
"AVERY DENNISON CORP SNR MR14 2Y $","AVERY DENNISON CORP ","53611109","AVY2$AR"
"AVERY DENNISON CORP SNR MR14 30Y $","AVERY DENNISON CORP ","53611109","AVYC$AR"
"AVERY DENNISON CORP SNR MR14 3Y $","AVERY DENNISON CORP ","53611109","AVY3$AR"
"AVERY DENNISON CORP SNR MR14 4Y $","AVERY DENNISON CORP ","53611109","AVY4$AR"
"AVERY DENNISON CORP SNR MR14 5Y $","AVERY DENNISON CORP ","53611109","AVY5$AR"
"AVERY DENNISON CORP SNR MR14 6M $","AVERY DENNISON CORP ","53611109","AVY0$AR"
"AVERY DENNISON CORP SNR MR14 7Y $","AVERY DENNISON CORP ","53611109","AVY7$AR"
"AVIS BUDGET GP INC SNR MR14 10Y $","AVIS BUDGET GP INC ","53774105","CARA$AR"
"AVIS BUDGET GP INC SNR MR14 1Y $","AVIS BUDGET GP INC ","53774105","CAR1$AR"
"AVIS BUDGET GP INC SNR MR14 20Y $","AVIS BUDGET GP INC ","53774105","CARB$AR"
"AVIS BUDGET GP INC SNR MR14 2Y $","AVIS BUDGET GP INC ","53774105","CAR2$AR"
"AVIS BUDGET GP INC SNR MR14 30Y $","AVIS BUDGET GP INC ","53774105","CARC$AR"
"AVIS BUDGET GP INC SNR MR14 3Y $","AVIS BUDGET GP INC ","53774105","CAR3$AR"
"AVIS BUDGET GP INC SNR MR14 4Y $","AVIS BUDGET GP INC ","53774105","CAR4$AR"
"AVIS BUDGET GP INC SNR MR14 5Y $","AVIS BUDGET GP INC ","53774105","CAR5$AR"
"AVIS BUDGET GP INC SNR MR14 6M $","AVIS BUDGET GP INC ","53774105","CAR0$AR"
"AVIS BUDGET GP INC SNR MR14 7Y $","AVIS BUDGET GP INC ","53774105","CAR7$AR"
"AVNET, INC. SNR MR14 10Y $","AVNET, INC. ","53807103","AVTA$AR"
"AVNET, INC. SNR MR14 1Y $","AVNET, INC. ","53807103","AVT1$AR"
"AVNET, INC. SNR MR14 20Y $","AVNET, INC. ","53807103","AVTB$AR"
"AVNET, INC. SNR MR14 2Y $","AVNET, INC. ","53807103","AVT2$AR"
"AVNET, INC. SNR MR14 30Y $","AVNET, INC. ","53807103","AVTC$AR"
"AVNET, INC. SNR MR14 3Y $","AVNET, INC. ","53807103","AVT3$AR"
"AVNET, INC. SNR MR14 4Y $","AVNET, INC. ","53807103","AVT4$AR"
"AVNET, INC. SNR MR14 5Y $","AVNET, INC. ","53807103","AVT5$AR"
"AVNET, INC. SNR MR14 6M $","AVNET, INC. ","53807103","AVT0$AR"
"AVNET, INC. SNR MR14 7Y $","AVNET, INC. ","53807103","AVT7$AR"
"AVON PRODUCTS, INC. SNR MR14 10Y $","AVON PRODUCTS, INC. ","54303102","AVPA$AR"
"AVON PRODUCTS, INC. SNR MR14 1Y $","AVON PRODUCTS, INC. ","54303102","AVP1$AR"
"AVON PRODUCTS, INC. SNR MR14 20Y $","AVON PRODUCTS, INC. ","54303102","AVPB$AR"
"AVON PRODUCTS, INC. SNR MR14 2Y $","AVON PRODUCTS, INC. ","54303102","AVP2$AR"
"AVON PRODUCTS, INC. SNR MR14 30Y $","AVON PRODUCTS, INC. ","54303102","AVPC$AR"
"AVON PRODUCTS, INC. SNR MR14 3Y $","AVON PRODUCTS, INC. ","54303102","AVP3$AR"
"AVON PRODUCTS, INC. SNR MR14 4Y $","AVON PRODUCTS, INC. ","54303102","AVP4$AR"
"AVON PRODUCTS, INC. SNR MR14 5Y $","AVON PRODUCTS, INC. ","54303102","AVP5$AR"
"AVON PRODUCTS, INC. SNR MR14 6M $","AVON PRODUCTS, INC. ","54303102","AVP0$AR"
"AVON PRODUCTS, INC. SNR MR14 7Y $","AVON PRODUCTS, INC. ","54303102","AVP7$AR"
"Anheuser-Busch Co L SNR MR14 10Y $","Anheuser-Busch Co L ","35229103","BUDA$AR"
"Anheuser-Busch Co L SNR MR14 1Y $","Anheuser-Busch Co L ","35229103","BUD1$AR"
"Anheuser-Busch Co L SNR MR14 20Y $","Anheuser-Busch Co L ","35229103","BUDB$AR"
"Anheuser-Busch Co L SNR MR14 2Y $","Anheuser-Busch Co L ","35229103","BUD2$AR"
"Anheuser-Busch Co L SNR MR14 30Y $","Anheuser-Busch Co L ","35229103","BUDC$AR"
"Anheuser-Busch Co L SNR MR14 3Y $","Anheuser-Busch Co L ","35229103","BUD3$AR"
"Anheuser-Busch Co L SNR MR14 4Y $","Anheuser-Busch Co L ","35229103","BUD4$AR"
"Anheuser-Busch Co L SNR MR14 5Y $","Anheuser-Busch Co L ","35229103","BUD5$AR"
"Anheuser-Busch Co L SNR MR14 6M $","Anheuser-Busch Co L ","35229103","BUD0$AR"
"Anheuser-Busch Co L SNR MR14 7Y $","Anheuser-Busch Co L ","35229103","BUD7$AR"
"BAKER HUGHES HDG LLC SNR MR14 10Y $","BAKER HUGHES HDG LLC ","57224107","BHIA$AR"
"BAKER HUGHES HDG LLC SNR MR14 1Y $","BAKER HUGHES HDG LLC ","57224107","BHI1$AR"
"BAKER HUGHES HDG LLC SNR MR14 20Y $","BAKER HUGHES HDG LLC ","57224107","BHIB$AR"
"BAKER HUGHES HDG LLC SNR MR14 2Y $","BAKER HUGHES HDG LLC ","57224107","BHI2$AR"
"BAKER HUGHES HDG LLC SNR MR14 30Y $","BAKER HUGHES HDG LLC ","57224107","BHIC$AR"
"BAKER HUGHES HDG LLC SNR MR14 3Y $","BAKER HUGHES HDG LLC ","57224107","BHI3$AR"
"BAKER HUGHES HDG LLC SNR MR14 4Y $","BAKER HUGHES HDG LLC ","57224107","BHI4$AR"
"BAKER HUGHES HDG LLC SNR MR14 5Y $","BAKER HUGHES HDG LLC ","57224107","BHI5$AR"
"BAKER HUGHES HDG LLC SNR MR14 6M $","BAKER HUGHES HDG LLC ","57224107","BHI0$AR"
"BAKER HUGHES HDG LLC SNR MR14 7Y $","BAKER HUGHES HDG LLC ","57224107","BHI7$AR"
"BALL CORPORATION SNR MR14 10Y $","BALL CORPORATION ","58498106","BLLA$AR"
"BALL CORPORATION SNR MR14 1Y $","BALL CORPORATION ","58498106","BLL1$AR"
"BALL CORPORATION SNR MR14 20Y $","BALL CORPORATION ","58498106","BLLB$AR"
"BALL CORPORATION SNR MR14 2Y $","BALL CORPORATION ","58498106","BLL2$AR"
"BALL CORPORATION SNR MR14 30Y $","BALL CORPORATION ","58498106","BLLC$AR"
"BALL CORPORATION SNR MR14 3Y $","BALL CORPORATION ","58498106","BLL3$AR"
"BALL CORPORATION SNR MR14 4Y $","BALL CORPORATION ","58498106","BLL4$AR"
"BALL CORPORATION SNR MR14 5Y $","BALL CORPORATION ","58498106","BLL5$AR"
"BALL CORPORATION SNR MR14 6M $","BALL CORPORATION ","58498106","BLL0$AR"
"BALL CORPORATION SNR MR14 7Y $","BALL CORPORATION ","58498106","BLL7$AR"
"BANK OF AMERICA SNR MR14 10Y $","BANK OF AMERICA ","60505104","BACA$AR"
"BANK OF AMERICA SNR MR14 1Y $","BANK OF AMERICA ","60505104","BAC1$AR"
"BANK OF AMERICA SNR MR14 20Y $","BANK OF AMERICA ","60505104","BACB$AR"
"BANK OF AMERICA SNR MR14 2Y $","BANK OF AMERICA ","60505104","BAC2$AR"
"BANK OF AMERICA SNR MR14 3Y $","BANK OF AMERICA ","60505104","BAC3$AR"
"BANK OF AMERICA SNR MR14 4Y $","BANK OF AMERICA ","60505104","BAC4$AR"
"BANK OF AMERICA SNR MR14 5Y $","BANK OF AMERICA ","60505104","BAC5$AR"
"BANK OF AMERICA SNR MR14 6M $","BANK OF AMERICA ","60505104","BAC0$AR"
"BANK OF AMERICA SNR MR14 7Y $","BANK OF AMERICA ","60505104","BAC7$AR"
"BAUSCH & LOMB INC SNR MR14 10Y $","BAUSCH & LOMB INC ","71707103","BOLA$AR"
"BAUSCH & LOMB INC SNR MR14 1Y $","BAUSCH & LOMB INC ","71707103","BOL1$AR"
"BAUSCH & LOMB INC SNR MR14 20Y $","BAUSCH & LOMB INC ","71707103","BOLB$AR"
"BAUSCH & LOMB INC SNR MR14 2Y $","BAUSCH & LOMB INC ","71707103","BOL2$AR"
"BAUSCH & LOMB INC SNR MR14 30Y $","BAUSCH & LOMB INC ","71707103","BOLC$AR"
"BAUSCH & LOMB INC SNR MR14 3Y $","BAUSCH & LOMB INC ","71707103","BOL3$AR"
"BAUSCH & LOMB INC SNR MR14 4Y $","BAUSCH & LOMB INC ","71707103","BOL4$AR"
"BAUSCH & LOMB INC SNR MR14 5Y $","BAUSCH & LOMB INC ","71707103","BOL5$AR"
"BAUSCH & LOMB INC SNR MR14 6M $","BAUSCH & LOMB INC ","71707103","BOL0$AR"
"BAUSCH & LOMB INC SNR MR14 7Y $","BAUSCH & LOMB INC ","71707103","BOL7$AR"
"BECKMAN COULTER, IN SNR MR14 10Y $","BECKMAN COULTER, IN ","75811109","BECA$AR"
"BECKMAN COULTER, IN SNR MR14 1Y $","BECKMAN COULTER, IN ","75811109","BEC1$AR"
"BECKMAN COULTER, IN SNR MR14 20Y $","BECKMAN COULTER, IN ","75811109","BECB$AR"
"BECKMAN COULTER, IN SNR MR14 2Y $","BECKMAN COULTER, IN ","75811109","BEC2$AR"
"BECKMAN COULTER, IN SNR MR14 30Y $","BECKMAN COULTER, IN ","75811109","BECC$AR"
"BECKMAN COULTER, IN SNR MR14 3Y $","BECKMAN COULTER, IN ","75811109","BEC3$AR"
"BECKMAN COULTER, IN SNR MR14 4Y $","BECKMAN COULTER, IN ","75811109","BEC4$AR"
"BECKMAN COULTER, IN SNR MR14 5Y $","BECKMAN COULTER, IN ","75811109","BEC5$AR"
"BECKMAN COULTER, IN SNR MR14 6M $","BECKMAN COULTER, IN ","75811109","BEC0$AR"
"BECKMAN COULTER, IN SNR MR14 7Y $","BECKMAN COULTER, IN ","75811109","BEC7$AR"
"BECTON DICKINSON & SNR MR14 10Y $","BECTON DICKINSON & ","75887109","BDXA$AR"
"BECTON DICKINSON & SNR MR14 1Y $","BECTON DICKINSON & ","75887109","BDX1$AR"
"BECTON DICKINSON & SNR MR14 20Y $","BECTON DICKINSON & ","75887109","BDXB$AR"
"BECTON DICKINSON & SNR MR14 2Y $","BECTON DICKINSON & ","75887109","BDX2$AR"
"BECTON DICKINSON & SNR MR14 30Y $","BECTON DICKINSON & ","75887109","BDXC$AR"
"BECTON DICKINSON & SNR MR14 3Y $","BECTON DICKINSON & ","75887109","BDX3$AR"
"BECTON DICKINSON & SNR MR14 4Y $","BECTON DICKINSON & ","75887109","BDX4$AR"
"BECTON DICKINSON & SNR MR14 5Y $","BECTON DICKINSON & ","75887109","BDX5$AR"
"BECTON DICKINSON & SNR MR14 6M $","BECTON DICKINSON & ","75887109","BDX0$AR"
"BECTON DICKINSON & SNR MR14 7Y $","BECTON DICKINSON & ","75887109","BDX7$AR"
"BELLSOUTH CORP SNR MR14 10Y $","BELLSOUTH CORP ","79860102","TBLA$AR"
"BELLSOUTH CORP SNR MR14 1Y $","BELLSOUTH CORP ","79860102","TBL1$AR"
"BELLSOUTH CORP SNR MR14 20Y $","BELLSOUTH CORP ","79860102","TBLB$AR"
"BELLSOUTH CORP SNR MR14 2Y $","BELLSOUTH CORP ","79860102","TBL2$AR"
"BELLSOUTH CORP SNR MR14 30Y $","BELLSOUTH CORP ","79860102","TBLC$AR"
"BELLSOUTH CORP SNR MR14 3Y $","BELLSOUTH CORP ","79860102","TBL3$AR"
"BELLSOUTH CORP SNR MR14 4Y $","BELLSOUTH CORP ","79860102","TBL4$AR"
"BELLSOUTH CORP SNR MR14 5Y $","BELLSOUTH CORP ","79860102","TBL5$AR"
"BELLSOUTH CORP SNR MR14 6M $","BELLSOUTH CORP ","79860102","TBL0$AR"
"BELLSOUTH CORP SNR MR14 7Y $","BELLSOUTH CORP ","79860102","TBL7$AR"
"BEMIS COMPANY, INC. SNR MR14 10Y$","BEMIS COMPANY, INC. ","81437105","BMSA$AR"
"BEMIS COMPANY, INC. SNR MR14 1Y$","BEMIS COMPANY, INC. ","81437105","BMS1$AR"
"BEMIS COMPANY, INC. SNR MR14 20Y$","BEMIS COMPANY, INC. ","81437105","BMSB$AR"
"BEMIS COMPANY, INC. SNR MR14 2Y$","BEMIS COMPANY, INC. ","81437105","BMS2$AR"
"BEMIS COMPANY, INC. SNR MR14 30Y$","BEMIS COMPANY, INC. ","81437105","BMSC$AR"
"BEMIS COMPANY, INC. SNR MR14 3Y$","BEMIS COMPANY, INC. ","81437105","BMS3$AR"
"BEMIS COMPANY, INC. SNR MR14 4Y$","BEMIS COMPANY, INC. ","81437105","BMS4$AR"
"BEMIS COMPANY, INC. SNR MR14 5Y$","BEMIS COMPANY, INC. ","81437105","BMS5$AR"
"BEMIS COMPANY, INC. SNR MR14 6M$","BEMIS COMPANY, INC. ","81437105","BMS0$AR"
"BEMIS COMPANY, INC. SNR MR14 7Y$","BEMIS COMPANY, INC. ","81437105","BMS7$AR"
"BERKSHIRE HATHAWAY SNR MR14 10Y $","BERKSHIRE HATHAWAY ","84670108","BRKA$AR"
"BERKSHIRE HATHAWAY SNR MR14 1Y $","BERKSHIRE HATHAWAY ","84670108","BRK1$AR"
"BERKSHIRE HATHAWAY SNR MR14 20Y $","BERKSHIRE HATHAWAY ","84670108","BRKB$AR"
"BERKSHIRE HATHAWAY SNR MR14 2Y $","BERKSHIRE HATHAWAY ","84670108","BRK2$AR"
"BERKSHIRE HATHAWAY SNR MR14 30Y $","BERKSHIRE HATHAWAY ","84670108","BRKC$AR"
"BERKSHIRE HATHAWAY SNR MR14 3Y $","BERKSHIRE HATHAWAY ","84670108","BRK3$AR"
"BERKSHIRE HATHAWAY SNR MR14 4Y $","BERKSHIRE HATHAWAY ","84670108","BRK4$AR"
"BERKSHIRE HATHAWAY SNR MR14 5Y $","BERKSHIRE HATHAWAY ","84670108","BRK5$AR"
"BERKSHIRE HATHAWAY SNR MR14 6M $","BERKSHIRE HATHAWAY ","84670108","BRK0$AR"
"BERKSHIRE HATHAWAY SNR MR14 7Y $","BERKSHIRE HATHAWAY ","84670108","BRK7$AR"
"BEST BUY CO., INC. SNR MR14 10Y $","BEST BUY CO., INC. ","86516101","BBYA$AR"
"BEST BUY CO., INC. SNR MR14 1Y $","BEST BUY CO., INC. ","86516101","BBY1$AR"
"BEST BUY CO., INC. SNR MR14 20Y $","BEST BUY CO., INC. ","86516101","BBYB$AR"
"BEST BUY CO., INC. SNR MR14 2Y $","BEST BUY CO., INC. ","86516101","BBY2$AR"
"BEST BUY CO., INC. SNR MR14 30Y $","BEST BUY CO., INC. ","86516101","BBYC$AR"
"BEST BUY CO., INC. SNR MR14 3Y $","BEST BUY CO., INC. ","86516101","BBY3$AR"
"BEST BUY CO., INC. SNR MR14 4Y $","BEST BUY CO., INC. ","86516101","BBY4$AR"
"BEST BUY CO., INC. SNR MR14 5Y $","BEST BUY CO., INC. ","86516101","BBY5$AR"
"BEST BUY CO., INC. SNR MR14 6M $","BEST BUY CO., INC. ","86516101","BBY0$AR"
"BEST BUY CO., INC. SNR MR14 7Y $","BEST BUY CO., INC. ","86516101","BBY7$AR"
"BOEING CAPITAL CORP SNR MR14 10Y $","BOEING CAPITAL CORP ","97023105","BABA$AR"
"BOEING CAPITAL CORP SNR MR14 1Y $","BOEING CAPITAL CORP ","97023105","BAB1$AR"
"BOEING CAPITAL CORP SNR MR14 20Y $","BOEING CAPITAL CORP ","97023105","BABB$AR"
"BOEING CAPITAL CORP SNR MR14 2Y $","BOEING CAPITAL CORP ","97023105","BAB2$AR"
"BOEING CAPITAL CORP SNR MR14 30Y $","BOEING CAPITAL CORP ","97023105","BABC$AR"
"BOEING CAPITAL CORP SNR MR14 3Y $","BOEING CAPITAL CORP ","97023105","BAB3$AR"
"BOEING CAPITAL CORP SNR MR14 4Y $","BOEING CAPITAL CORP ","97023105","BAB4$AR"
"BOEING CAPITAL CORP SNR MR14 5Y $","BOEING CAPITAL CORP ","97023105","BAB5$AR"
"BOEING CAPITAL CORP SNR MR14 6M $","BOEING CAPITAL CORP ","97023105","BAB0$AR"
"BOEING CAPITAL CORP SNR MR14 7Y $","BOEING CAPITAL CORP ","97023105","BAB7$AR"
"BORGWARNER INC. SNR MR14 10Y $","BORGWARNER INC. ","99724106","BWAA$AR"
"BORGWARNER INC. SNR MR14 1Y $","BORGWARNER INC. ","99724106","BWA1$AR"
"BORGWARNER INC. SNR MR14 20Y $","BORGWARNER INC. ","99724106","BWAB$AR"
"BORGWARNER INC. SNR MR14 2Y $","BORGWARNER INC. ","99724106","BWA2$AR"
"BORGWARNER INC. SNR MR14 30Y $","BORGWARNER INC. ","99724106","BWAC$AR"
"BORGWARNER INC. SNR MR14 3Y $","BORGWARNER INC. ","99724106","BWA3$AR"
"BORGWARNER INC. SNR MR14 4Y $","BORGWARNER INC. ","99724106","BWA4$AR"
"BORGWARNER INC. SNR MR14 5Y $","BORGWARNER INC. ","99724106","BWA5$AR"
"BORGWARNER INC. SNR MR14 6M $","BORGWARNER INC. ","99724106","BWA0$AR"
"BORGWARNER INC. SNR MR14 7Y $","BORGWARNER INC. ","99724106","BWA7$AR"
"BOSTON SCIEN CORP SNR MR14 10Y $","BOSTON SCIEN CORP ","101137107","BSXA$AR"
"BOSTON SCIEN CORP SNR MR14 1Y $","BOSTON SCIEN CORP ","101137107","BSX1$AR"
"BOSTON SCIEN CORP SNR MR14 20Y $","BOSTON SCIEN CORP ","101137107","BSXB$AR"
"BOSTON SCIEN CORP SNR MR14 2Y $","BOSTON SCIEN CORP ","101137107","BSX2$AR"
"BOSTON SCIEN CORP SNR MR14 30Y $","BOSTON SCIEN CORP ","101137107","BSXC$AR"
"BOSTON SCIEN CORP SNR MR14 3Y $","BOSTON SCIEN CORP ","101137107","BSX3$AR"
"BOSTON SCIEN CORP SNR MR14 4Y $","BOSTON SCIEN CORP ","101137107","BSX4$AR"
"BOSTON SCIEN CORP SNR MR14 5Y $","BOSTON SCIEN CORP ","101137107","BSX5$AR"
"BOSTON SCIEN CORP SNR MR14 6M $","BOSTON SCIEN CORP ","101137107","BSX0$AR"
"BOSTON SCIEN CORP SNR MR14 7Y $","BOSTON SCIEN CORP ","101137107","BSX7$AR"
"BRIGGS & STRATTON SNR MR14 10Y $","BRIGGS & STRATTON ","109043109","BGGA$AR"
"BRIGGS & STRATTON SNR MR14 1Y $","BRIGGS & STRATTON ","109043109","BGG1$AR"
"BRIGGS & STRATTON SNR MR14 20Y $","BRIGGS & STRATTON ","109043109","BGGB$AR"
"BRIGGS & STRATTON SNR MR14 2Y $","BRIGGS & STRATTON ","109043109","BGG2$AR"
"BRIGGS & STRATTON SNR MR14 30Y $","BRIGGS & STRATTON ","109043109","BGGC$AR"
"BRIGGS & STRATTON SNR MR14 3Y $","BRIGGS & STRATTON ","109043109","BGG3$AR"
"BRIGGS & STRATTON SNR MR14 4Y $","BRIGGS & STRATTON ","109043109","BGG4$AR"
"BRIGGS & STRATTON SNR MR14 5Y $","BRIGGS & STRATTON ","109043109","BGG5$AR"
"BRIGGS & STRATTON SNR MR14 6M $","BRIGGS & STRATTON ","109043109","BGG0$AR"
"BRIGGS & STRATTON SNR MR14 7Y $","BRIGGS & STRATTON ","109043109","BGG7$AR"
"BRISTOL-MYERS SQUIBB SNR MR14 10Y $","BRISTOL-MYERS SQUIBB ","110122108","BMYA$AR"
"BRISTOL-MYERS SQUIBB SNR MR14 1Y $","BRISTOL-MYERS SQUIBB ","110122108","BMY1$AR"
"BRISTOL-MYERS SQUIBB SNR MR14 20Y $","BRISTOL-MYERS SQUIBB ","110122108","BMYB$AR"
"BRISTOL-MYERS SQUIBB SNR MR14 2Y $","BRISTOL-MYERS SQUIBB ","110122108","BMY2$AR"
"BRISTOL-MYERS SQUIBB SNR MR14 30Y $","BRISTOL-MYERS SQUIBB ","110122108","BMYC$AR"
"BRISTOL-MYERS SQUIBB SNR MR14 3Y $","BRISTOL-MYERS SQUIBB ","110122108","BMY3$AR"
"BRISTOL-MYERS SQUIBB SNR MR14 4Y $","BRISTOL-MYERS SQUIBB ","110122108","BMY4$AR"
"BRISTOL-MYERS SQUIBB SNR MR14 5Y $","BRISTOL-MYERS SQUIBB ","110122108","BMY5$AR"
"BRISTOL-MYERS SQUIBB SNR MR14 6M $","BRISTOL-MYERS SQUIBB ","110122108","BMY0$AR"
"BRISTOL-MYERS SQUIBB SNR MR14 7Y $","BRISTOL-MYERS SQUIBB ","110122108","BMY7$AR"
"BRUNSWICK CORP SNR MR14 10Y $","BRUNSWICK CORP ","117043109","BCXA$AR"
"BRUNSWICK CORP SNR MR14 1Y $","BRUNSWICK CORP ","117043109","BCX1$AR"
"BRUNSWICK CORP SNR MR14 20Y $","BRUNSWICK CORP ","117043109","BCXB$AR"
"BRUNSWICK CORP SNR MR14 2Y $","BRUNSWICK CORP ","117043109","BCX2$AR"
"BRUNSWICK CORP SNR MR14 30Y $","BRUNSWICK CORP ","117043109","BCXC$AR"
"BRUNSWICK CORP SNR MR14 3Y $","BRUNSWICK CORP ","117043109","BCX3$AR"
"BRUNSWICK CORP SNR MR14 4Y $","BRUNSWICK CORP ","117043109","BCX4$AR"
"BRUNSWICK CORP SNR MR14 5Y $","BRUNSWICK CORP ","117043109","BCX5$AR"
"BRUNSWICK CORP SNR MR14 6M $","BRUNSWICK CORP ","117043109","BCX0$AR"
"BRUNSWICK CORP SNR MR14 7Y $","BRUNSWICK CORP ","117043109","BCX7$AR"
"BURLINGTON RES INC SNR MR14 10Y $","BURLINGTON RES INC ","121693105","COBA$AR"
"BURLINGTON RES INC SNR MR14 1Y $","BURLINGTON RES INC ","121693105","COB1$AR"
"BURLINGTON RES INC SNR MR14 20Y $","BURLINGTON RES INC ","121693105","COBB$AR"
"BURLINGTON RES INC SNR MR14 2Y $","BURLINGTON RES INC ","121693105","COB2$AR"
"BURLINGTON RES INC SNR MR14 30Y $","BURLINGTON RES INC ","121693105","COBC$AR"
"BURLINGTON RES INC SNR MR14 3Y $","BURLINGTON RES INC ","121693105","COB3$AR"
"BURLINGTON RES INC SNR MR14 4Y $","BURLINGTON RES INC ","121693105","COB4$AR"
"BURLINGTON RES INC SNR MR14 5Y $","BURLINGTON RES INC ","121693105","COB5$AR"
"BURLINGTON RES INC SNR MR14 6M $","BURLINGTON RES INC ","121693105","COB0$AR"
"BURLINGTON RES INC SNR MR14 7Y $","BURLINGTON RES INC ","121693105","COB7$AR"
"CA, INC. SNR MR14 10Y $","CA, INC. ","12673P105","CA.A$AR"
"CA, INC. SNR MR14 1Y $","CA, INC. ","12673P105","CA.1$AR"
"CA, INC. SNR MR14 20Y $","CA, INC. ","12673P105","CA.B$AR"
"CA, INC. SNR MR14 2Y $","CA, INC. ","12673P105","CA.2$AR"
"CA, INC. SNR MR14 30Y $","CA, INC. ","12673P105","CA.C$AR"
"CA, INC. SNR MR14 3Y $","CA, INC. ","12673P105","CA.3$AR"
"CA, INC. SNR MR14 4Y $","CA, INC. ","12673P105","CA.4$AR"
"CA, INC. SNR MR14 5Y $","CA, INC. ","12673P105","CA.5$AR"
"CA, INC. SNR MR14 6M $","CA, INC. ","12673P105","CA.0$AR"
"CA, INC. SNR MR14 7Y $","CA, INC. ","12673P105","CA.7$AR"
"CABOT CORPORATION SNR MR14 10Y $","CABOT CORPORATION ","127055101","CBTA$AR"
"CABOT CORPORATION SNR MR14 1Y $","CABOT CORPORATION ","127055101","CBT1$AR"
"CABOT CORPORATION SNR MR14 20Y $","CABOT CORPORATION ","127055101","CBTB$AR"
"CABOT CORPORATION SNR MR14 2Y $","CABOT CORPORATION ","127055101","CBT2$AR"
"CABOT CORPORATION SNR MR14 30Y $","CABOT CORPORATION ","127055101","CBTC$AR"
"CABOT CORPORATION SNR MR14 3Y $","CABOT CORPORATION ","127055101","CBT3$AR"
"CABOT CORPORATION SNR MR14 4Y $","CABOT CORPORATION ","127055101","CBT4$AR"
"CABOT CORPORATION SNR MR14 5Y $","CABOT CORPORATION ","127055101","CBT5$AR"
"CABOT CORPORATION SNR MR14 6M $","CABOT CORPORATION ","127055101","CBT0$AR"
"CABOT CORPORATION SNR MR14 7Y $","CABOT CORPORATION ","127055101","CBT7$AR"
"CAMPBELL SOUP CO SNR MR14 10Y $","CAMPBELL SOUP CO ","134429109","CPBA$AR"
"CAMPBELL SOUP CO SNR MR14 1Y $","CAMPBELL SOUP CO ","134429109","CPB1$AR"
"CAMPBELL SOUP CO SNR MR14 20Y $","CAMPBELL SOUP CO ","134429109","CPBB$AR"
"CAMPBELL SOUP CO SNR MR14 2Y $","CAMPBELL SOUP CO ","134429109","CPB2$AR"
"CAMPBELL SOUP CO SNR MR14 30Y $","CAMPBELL SOUP CO ","134429109","CPBC$AR"
"CAMPBELL SOUP CO SNR MR14 3Y $","CAMPBELL SOUP CO ","134429109","CPB3$AR"
"CAMPBELL SOUP CO SNR MR14 4Y $","CAMPBELL SOUP CO ","134429109","CPB4$AR"
"CAMPBELL SOUP CO SNR MR14 5Y $","CAMPBELL SOUP CO ","134429109","CPB5$AR"
"CAMPBELL SOUP CO SNR MR14 6M $","CAMPBELL SOUP CO ","134429109","CPB0$AR"
"CAMPBELL SOUP CO SNR MR14 7Y $","CAMPBELL SOUP CO ","134429109","CPB7$AR"
"CAPITAL ONE FINL SNR MR14 10Y $","CAPITAL ONE FINL ","14040H105","COFA$AR"
"CAPITAL ONE FINL SNR MR14 1Y $","CAPITAL ONE FINL ","14040H105","COF1$AR"
"CAPITAL ONE FINL SNR MR14 20Y $","CAPITAL ONE FINL ","14040H105","COFB$AR"
"CAPITAL ONE FINL SNR MR14 2Y $","CAPITAL ONE FINL ","14040H105","COF2$AR"
"CAPITAL ONE FINL SNR MR14 30Y $","CAPITAL ONE FINL ","14040H105","COFC$AR"
"CAPITAL ONE FINL SNR MR14 3Y $","CAPITAL ONE FINL ","14040H105","COF3$AR"
"CAPITAL ONE FINL SNR MR14 4Y $","CAPITAL ONE FINL ","14040H105","COF4$AR"
"CAPITAL ONE FINL SNR MR14 6M $","CAPITAL ONE FINL ","14040H105","COF0$AR"
"CAPITAL ONE FINL SNR MR14 7Y $","CAPITAL ONE FINL ","14040H105","COF7$AR"
"CARDINAL HEALTH, INC SNR MR14 10Y $","CARDINAL HEALTH, INC ","14149Y108","CAHA$AR"
"CARDINAL HEALTH, INC SNR MR14 1Y $","CARDINAL HEALTH, INC ","14149Y108","CAH1$AR"
"CARDINAL HEALTH, INC SNR MR14 20Y $","CARDINAL HEALTH, INC ","14149Y108","CAHB$AR"
"CARDINAL HEALTH, INC SNR MR14 2Y $","CARDINAL HEALTH, INC ","14149Y108","CAH2$AR"
"CARDINAL HEALTH, INC SNR MR14 30Y $","CARDINAL HEALTH, INC ","14149Y108","CAHC$AR"
"CARDINAL HEALTH, INC SNR MR14 3Y $","CARDINAL HEALTH, INC ","14149Y108","CAH3$AR"
"CARDINAL HEALTH, INC SNR MR14 4Y $","CARDINAL HEALTH, INC ","14149Y108","CAH4$AR"
"CARDINAL HEALTH, INC SNR MR14 5Y $","CARDINAL HEALTH, INC ","14149Y108","CAH5$AR"
"CARDINAL HEALTH, INC SNR MR14 6M $","CARDINAL HEALTH, INC ","14149Y108","CAH0$AR"
"CARDINAL HEALTH, INC SNR MR14 7Y $","CARDINAL HEALTH, INC ","14149Y108","CAH7$AR"
"CARPENTER TECH CORP SNR MR14 10Y $","CARPENTER TECH CORP ","144285103","CRSA$AR"
"CARPENTER TECH CORP SNR MR14 1Y $","CARPENTER TECH CORP ","144285103","CRS1$AR"
"CARPENTER TECH CORP SNR MR14 20Y $","CARPENTER TECH CORP ","144285103","CRSB$AR"
"CARPENTER TECH CORP SNR MR14 2Y $","CARPENTER TECH CORP ","144285103","CRS2$AR"
"CARPENTER TECH CORP SNR MR14 30Y $","CARPENTER TECH CORP ","144285103","CRSC$AR"
"CARPENTER TECH CORP SNR MR14 3Y $","CARPENTER TECH CORP ","144285103","CRS3$AR"
"CARPENTER TECH CORP SNR MR14 4Y $","CARPENTER TECH CORP ","144285103","CRS4$AR"
"CARPENTER TECH CORP SNR MR14 5Y $","CARPENTER TECH CORP ","144285103","CRS5$AR"
"CARPENTER TECH CORP SNR MR14 6M $","CARPENTER TECH CORP ","144285103","CRS0$AR"
"CARPENTER TECH CORP SNR MR14 7Y $","CARPENTER TECH CORP ","144285103","CRS7$AR"
"CATERPILLAR INC. SNR MR14 10Y $","CATERPILLAR INC. ","149123101","CATA$AR"
"CATERPILLAR INC. SNR MR14 1Y $","CATERPILLAR INC. ","149123101","CAT1$AR"
"CATERPILLAR INC. SNR MR14 20Y $","CATERPILLAR INC. ","149123101","CATB$AR"
"CATERPILLAR INC. SNR MR14 2Y $","CATERPILLAR INC. ","149123101","CAT2$AR"
"CATERPILLAR INC. SNR MR14 30Y $","CATERPILLAR INC. ","149123101","CATC$AR"
"CATERPILLAR INC. SNR MR14 3Y $","CATERPILLAR INC. ","149123101","CAT3$AR"
"CATERPILLAR INC. SNR MR14 4Y $","CATERPILLAR INC. ","149123101","CAT4$AR"
"CATERPILLAR INC. SNR MR14 5Y $","CATERPILLAR INC. ","149123101","CAT5$AR"
"CATERPILLAR INC. SNR MR14 6M $","CATERPILLAR INC. ","149123101","CAT0$AR"
"CATERPILLAR INC. SNR MR14 7Y $","CATERPILLAR INC. ","149123101","CAT7$AR"
"CENTERPOINT EN INC SNR MR14 10Y $","CENTERPOINT EN INC ","15189T107","CNPA$AR"
"CENTERPOINT EN INC SNR MR14 1Y $","CENTERPOINT EN INC ","15189T107","CNP1$AR"
"CENTERPOINT EN INC SNR MR14 20Y $","CENTERPOINT EN INC ","15189T107","CNPB$AR"
"CENTERPOINT EN INC SNR MR14 2Y $","CENTERPOINT EN INC ","15189T107","CNP2$AR"
"CENTERPOINT EN INC SNR MR14 30Y $","CENTERPOINT EN INC ","15189T107","CNPC$AR"
"CENTERPOINT EN INC SNR MR14 3Y $","CENTERPOINT EN INC ","15189T107","CNP3$AR"
"CENTERPOINT EN INC SNR MR14 4Y $","CENTERPOINT EN INC ","15189T107","CNP4$AR"
"CENTERPOINT EN INC SNR MR14 5Y $","CENTERPOINT EN INC ","15189T107","CNP5$AR"
"CENTERPOINT EN INC SNR MR14 6M $","CENTERPOINT EN INC ","15189T107","CNP0$AR"
"CENTERPOINT EN INC SNR MR14 7Y $","CENTERPOINT EN INC ","15189T107","CNP7$AR"
"CENTEX LLC SNR MR14 USD 10Y","CENTEX LLC ","152312104","CTXA$AR"
"CENTEX LLC SNR MR14 USD 1Y","CENTEX LLC ","152312104","CTX1$AR"
"CENTEX LLC SNR MR14 USD 20Y","CENTEX LLC ","152312104","CTXB$AR"
"CENTEX LLC SNR MR14 USD 2Y","CENTEX LLC ","152312104","CTX2$AR"
"CENTEX LLC SNR MR14 USD 30Y","CENTEX LLC ","152312104","CTXC$AR"
"CENTEX LLC SNR MR14 USD 3Y","CENTEX LLC ","152312104","CTX3$AR"
"CENTEX LLC SNR MR14 USD 4Y","CENTEX LLC ","152312104","CTX4$AR"
"CENTEX LLC SNR MR14 USD 5Y","CENTEX LLC ","152312104","CTX5$AR"
"CENTEX LLC SNR MR14 USD 6M","CENTEX LLC ","152312104","CTX0$AR"
"CENTEX LLC SNR MR14 USD 7Y","CENTEX LLC ","152312104","CTX7$AR"
"CHESAPEAKE EN CRP SNR MR14 10Y $","CHESAPEAKE EN CRP ","165159104","CHKA$AR"
"CHESAPEAKE EN CRP SNR MR14 1Y $","CHESAPEAKE EN CRP ","165159104","CHK1$AR"
"CHESAPEAKE EN CRP SNR MR14 20Y $","CHESAPEAKE EN CRP ","165159104","CHKB$AR"
"CHESAPEAKE EN CRP SNR MR14 2Y $","CHESAPEAKE EN CRP ","165159104","CHK2$AR"
"CHESAPEAKE EN CRP SNR MR14 30Y $","CHESAPEAKE EN CRP ","165159104","CHKC$AR"
"CHESAPEAKE EN CRP SNR MR14 3Y $","CHESAPEAKE EN CRP ","165159104","CHK3$AR"
"CHESAPEAKE EN CRP SNR MR14 4Y $","CHESAPEAKE EN CRP ","165159104","CHK4$AR"
"CHESAPEAKE EN CRP SNR MR14 5Y $","CHESAPEAKE EN CRP ","165159104","CHK5$AR"
"CHESAPEAKE EN CRP SNR MR14 6M $","CHESAPEAKE EN CRP ","165159104","CHK0$AR"
"CHESAPEAKE EN CRP SNR MR14 7Y $","CHESAPEAKE EN CRP ","165159104","CHK7$AR"
"CHEVRON CORPORATION SNR MR14 10Y $","CHEVRON CORPORATION ","166764100","CVXA$AR"
"CHEVRON CORPORATION SNR MR14 1Y $","CHEVRON CORPORATION ","166764100","CVX1$AR"
"CHEVRON CORPORATION SNR MR14 20Y $","CHEVRON CORPORATION ","166764100","CVXB$AR"
"CHEVRON CORPORATION SNR MR14 2Y $","CHEVRON CORPORATION ","166764100","CVX2$AR"
"CHEVRON CORPORATION SNR MR14 30Y $","CHEVRON CORPORATION ","166764100","CVXC$AR"
"CHEVRON CORPORATION SNR MR14 3Y $","CHEVRON CORPORATION ","166764100","CVX3$AR"
"CHEVRON CORPORATION SNR MR14 4Y $","CHEVRON CORPORATION ","166764100","CVX4$AR"
"CHEVRON CORPORATION SNR MR14 5Y $","CHEVRON CORPORATION ","166764100","CVX5$AR"
"CHEVRON CORPORATION SNR MR14 6M $","CHEVRON CORPORATION ","166764100","CVX0$AR"
"CHEVRON CORPORATION SNR MR14 7Y $","CHEVRON CORPORATION ","166764100","CVX7$AR"
"CHUBB INA HOLDINGS SNR MR14 10Y $","CHUBB INA HOLDINGS ","171232101","ACIA$AR"
"CHUBB INA HOLDINGS SNR MR14 1Y $","CHUBB INA HOLDINGS ","171232101","ACI1$AR"
"CHUBB INA HOLDINGS SNR MR14 20Y $","CHUBB INA HOLDINGS ","171232101","ACIB$AR"
"CHUBB INA HOLDINGS SNR MR14 2Y $","CHUBB INA HOLDINGS ","171232101","ACI2$AR"
"CHUBB INA HOLDINGS SNR MR14 30Y $","CHUBB INA HOLDINGS ","171232101","ACIC$AR"
"CHUBB INA HOLDINGS SNR MR14 3Y $","CHUBB INA HOLDINGS ","171232101","ACI3$AR"
"CHUBB INA HOLDINGS SNR MR14 4Y $","CHUBB INA HOLDINGS ","171232101","ACI4$AR"
"CHUBB INA HOLDINGS SNR MR14 5Y $","CHUBB INA HOLDINGS ","171232101","ACI5$AR"
"CHUBB INA HOLDINGS SNR MR14 6M $","CHUBB INA HOLDINGS ","171232101","ACI0$AR"
"CHUBB INA HOLDINGS SNR MR14 7Y $","CHUBB INA HOLDINGS ","171232101","ACI7$AR"
"CIGNA HOLDING CO SNR MR14 10Y $","CIGNA HOLDING CO ","125523100","CI.A$AR"
"CIGNA HOLDING CO SNR MR14 1Y $","CIGNA HOLDING CO ","125523100","CI.1$AR"
"CIGNA HOLDING CO SNR MR14 20Y $","CIGNA HOLDING CO ","125523100","CI.B$AR"
"CIGNA HOLDING CO SNR MR14 2Y $","CIGNA HOLDING CO ","125523100","CI.2$AR"
"CIGNA HOLDING CO SNR MR14 30Y $","CIGNA HOLDING CO ","125523100","CI.C$AR"
"CIGNA HOLDING CO SNR MR14 3Y $","CIGNA HOLDING CO ","125523100","CI.3$AR"
"CIGNA HOLDING CO SNR MR14 4Y $","CIGNA HOLDING CO ","125523100","CI.4$AR"
"CIGNA HOLDING CO SNR MR14 5Y $","CIGNA HOLDING CO ","125523100","CI.5$AR"
"CIGNA HOLDING CO SNR MR14 6M $","CIGNA HOLDING CO ","125523100","CI.0$AR"
"CIGNA HOLDING CO SNR MR14 7Y $","CIGNA HOLDING CO ","125523100","CI.7$AR"
"CINERGY CORP. SNR MR14 10Y $","CINERGY CORP. ","172474108","DUKA$AR"
"CINERGY CORP. SNR MR14 1Y $","CINERGY CORP. ","172474108","DUK1$AR"
"CINERGY CORP. SNR MR14 20Y $","CINERGY CORP. ","172474108","DUKB$AR"
"CINERGY CORP. SNR MR14 2Y $","CINERGY CORP. ","172474108","DUK2$AR"
"CINERGY CORP. SNR MR14 30Y $","CINERGY CORP. ","172474108","DUKC$AR"
"CINERGY CORP. SNR MR14 3Y $","CINERGY CORP. ","172474108","DUK3$AR"
"CINERGY CORP. SNR MR14 4Y $","CINERGY CORP. ","172474108","DUK4$AR"
"CINERGY CORP. SNR MR14 5Y $","CINERGY CORP. ","172474108","DUK5$AR"
"CINERGY CORP. SNR MR14 6M $","CINERGY CORP. ","172474108","DUK0$AR"
"CINERGY CORP. SNR MR14 7Y $","CINERGY CORP. ","172474108","DUK7$AR"
"CINTAS CORP SNR MR14 10Y $","CINTAS CORP ","172908105","CTAA$AR"
"CINTAS CORP SNR MR14 1Y $","CINTAS CORP ","172908105","CTA1$AR"
"CINTAS CORP SNR MR14 20Y $","CINTAS CORP ","172908105","CTAB$AR"
"CINTAS CORP SNR MR14 2Y $","CINTAS CORP ","172908105","CTA2$AR"
"CINTAS CORP SNR MR14 30Y $","CINTAS CORP ","172908105","CTAC$AR"
"CINTAS CORP SNR MR14 3Y $","CINTAS CORP ","172908105","CTA3$AR"
"CINTAS CORP SNR MR14 4Y $","CINTAS CORP ","172908105","CTA4$AR"
"CINTAS CORP SNR MR14 5Y $","CINTAS CORP ","172908105","CTA5$AR"
"CINTAS CORP SNR MR14 6M $","CINTAS CORP ","172908105","CTA0$AR"
"CINTAS CORP SNR MR14 7Y $","CINTAS CORP ","172908105","CTA7$AR"
"CISCO SYSTEMS, INC. SNR MR14 10Y $","CISCO SYSTEMS, INC. ","17275R102","CSOA$AR"
"CISCO SYSTEMS, INC. SNR MR14 1Y $","CISCO SYSTEMS, INC. ","17275R102","CSO1$AR"
"CISCO SYSTEMS, INC. SNR MR14 20Y $","CISCO SYSTEMS, INC. ","17275R102","CSOB$AR"
"CISCO SYSTEMS, INC. SNR MR14 2Y $","CISCO SYSTEMS, INC. ","17275R102","CSO2$AR"
"CISCO SYSTEMS, INC. SNR MR14 30Y $","CISCO SYSTEMS, INC. ","17275R102","CSOC$AR"
"CISCO SYSTEMS, INC. SNR MR14 3Y $","CISCO SYSTEMS, INC. ","17275R102","CSO3$AR"
"CISCO SYSTEMS, INC. SNR MR14 4Y $","CISCO SYSTEMS, INC. ","17275R102","CSO4$AR"
"CISCO SYSTEMS, INC. SNR MR14 5Y $","CISCO SYSTEMS, INC. ","17275R102","CSO5$AR"
"CISCO SYSTEMS, INC. SNR MR14 6M $","CISCO SYSTEMS, INC. ","17275R102","CSO0$AR"
"CISCO SYSTEMS, INC. SNR MR14 7Y $","CISCO SYSTEMS, INC. ","17275R102","CSO7$AR"
"CMS ENERGY CORP SNR MR14 10Y $","CMS ENERGY CORP ","125896100","CMSA$AR"
"CMS ENERGY CORP SNR MR14 1Y $","CMS ENERGY CORP ","125896100","CMS1$AR"
"CMS ENERGY CORP SNR MR14 20Y $","CMS ENERGY CORP ","125896100","CMSB$AR"
"CMS ENERGY CORP SNR MR14 2Y $","CMS ENERGY CORP ","125896100","CMS2$AR"
"CMS ENERGY CORP SNR MR14 30Y $","CMS ENERGY CORP ","125896100","CMSC$AR"
"CMS ENERGY CORP SNR MR14 3Y $","CMS ENERGY CORP ","125896100","CMS3$AR"
"CMS ENERGY CORP SNR MR14 4Y $","CMS ENERGY CORP ","125896100","CMS4$AR"
"CMS ENERGY CORP SNR MR14 5Y $","CMS ENERGY CORP ","125896100","CMS5$AR"
"CMS ENERGY CORP SNR MR14 6M $","CMS ENERGY CORP ","125896100","CMS0$AR"
"CMS ENERGY CORP SNR MR14 7Y $","CMS ENERGY CORP ","125896100","CMS7$AR"
"COCA-COLA RFRE USA SNR MR14 10Y $","COCA-COLA RFRE USA ","191216100","CCEA$AR"
"COCA-COLA RFRE USA SNR MR14 1Y $","COCA-COLA RFRE USA ","191216100","CCE1$AR"
"COCA-COLA RFRE USA SNR MR14 20Y $","COCA-COLA RFRE USA ","191216100","CCEB$AR"
"COCA-COLA RFRE USA SNR MR14 2Y $","COCA-COLA RFRE USA ","191216100","CCE2$AR"
"COCA-COLA RFRE USA SNR MR14 30Y $","COCA-COLA RFRE USA ","191216100","CCEC$AR"
"COCA-COLA RFRE USA SNR MR14 3Y $","COCA-COLA RFRE USA ","191216100","CCE3$AR"
"COCA-COLA RFRE USA SNR MR14 4Y $","COCA-COLA RFRE USA ","191216100","CCE4$AR"
"COCA-COLA RFRE USA SNR MR14 5Y $","COCA-COLA RFRE USA ","191216100","CCE5$AR"
"COCA-COLA RFRE USA SNR MR14 6M $","COCA-COLA RFRE USA ","191216100","CCE0$AR"
"COCA-COLA RFRE USA SNR MR14 7Y $","COCA-COLA RFRE USA ","191216100","CCE7$AR"
"COLGATE-PALMOLIVE SNR MR14 10Y $","COLGATE-PALMOLIVE ","194162103","CL.A$AR"
"COLGATE-PALMOLIVE SNR MR14 1Y $","COLGATE-PALMOLIVE ","194162103","CL.1$AR"
"COLGATE-PALMOLIVE SNR MR14 20Y $","COLGATE-PALMOLIVE ","194162103","CL.B$AR"
"COLGATE-PALMOLIVE SNR MR14 2Y $","COLGATE-PALMOLIVE ","194162103","CL.2$AR"
"COLGATE-PALMOLIVE SNR MR14 30Y $","COLGATE-PALMOLIVE ","194162103","CL.C$AR"
"COLGATE-PALMOLIVE SNR MR14 3Y $","COLGATE-PALMOLIVE ","194162103","CL.3$AR"
"COLGATE-PALMOLIVE SNR MR14 4Y $","COLGATE-PALMOLIVE ","194162103","CL.4$AR"
"COLGATE-PALMOLIVE SNR MR14 5Y $","COLGATE-PALMOLIVE ","194162103","CL.5$AR"
"COLGATE-PALMOLIVE SNR MR14 6M $","COLGATE-PALMOLIVE ","194162103","CL.0$AR"
"COLGATE-PALMOLIVE SNR MR14 7Y $","COLGATE-PALMOLIVE ","194162103","CL.7$AR"
"COMCAST CORPORATION SNR MR14 10Y $","COMCAST CORPORATION ","20030N101","CCSA$AR"
"COMCAST CORPORATION SNR MR14 1Y $","COMCAST CORPORATION ","20030N101","CCS1$AR"
"COMCAST CORPORATION SNR MR14 20Y $","COMCAST CORPORATION ","20030N101","CCSB$AR"
"COMCAST CORPORATION SNR MR14 2Y $","COMCAST CORPORATION ","20030N101","CCS2$AR"
"COMCAST CORPORATION SNR MR14 30Y $","COMCAST CORPORATION ","20030N101","CCSC$AR"
"COMCAST CORPORATION SNR MR14 3Y $","COMCAST CORPORATION ","20030N101","CCS3$AR"
"COMCAST CORPORATION SNR MR14 4Y $","COMCAST CORPORATION ","20030N101","CCS4$AR"
"COMCAST CORPORATION SNR MR14 5Y $","COMCAST CORPORATION ","20030N101","CCS5$AR"
"COMCAST CORPORATION SNR MR14 6M $","COMCAST CORPORATION ","20030N101","CCS0$AR"
"COMCAST CORPORATION SNR MR14 7Y $","COMCAST CORPORATION ","20030N101","CCS7$AR"
"COMMERCIAL METALS SNR MR14 10Y $","COMMERCIAL METALS ","201723103","CMCA$AR"
"COMMERCIAL METALS SNR MR14 1Y $","COMMERCIAL METALS ","201723103","CMC1$AR"
"COMMERCIAL METALS SNR MR14 20Y $","COMMERCIAL METALS ","201723103","CMCB$AR"
"COMMERCIAL METALS SNR MR14 2Y $","COMMERCIAL METALS ","201723103","CMC2$AR"
"COMMERCIAL METALS SNR MR14 30Y $","COMMERCIAL METALS ","201723103","CMCC$AR"
"COMMERCIAL METALS SNR MR14 3Y $","COMMERCIAL METALS ","201723103","CMC3$AR"
"COMMERCIAL METALS SNR MR14 4Y $","COMMERCIAL METALS ","201723103","CMC4$AR"
"COMMERCIAL METALS SNR MR14 6M $","COMMERCIAL METALS ","201723103","CMC0$AR"
"COMMERCIAL METALS SNR MR14 7Y $","COMMERCIAL METALS ","201723103","CMC7$AR"
"COMPAQ COMPUTER SNR MR14 10Y ($)","COMPAQ COMPUTER ","204493100","HPCA$AR"
"COMPAQ COMPUTER SNR MR14 1Y ($)","COMPAQ COMPUTER ","204493100","HPC1$AR"
"COMPAQ COMPUTER SNR MR14 20Y ($)","COMPAQ COMPUTER ","204493100","HPCB$AR"
"COMPAQ COMPUTER SNR MR14 2Y ($)","COMPAQ COMPUTER ","204493100","HPC2$AR"
"COMPAQ COMPUTER SNR MR14 30Y ($)","COMPAQ COMPUTER ","204493100","HPCC$AR"
"COMPAQ COMPUTER SNR MR14 3Y ($)","COMPAQ COMPUTER ","204493100","HPC3$AR"
"COMPAQ COMPUTER SNR MR14 4Y ($)","COMPAQ COMPUTER ","204493100","HPC4$AR"
"COMPAQ COMPUTER SNR MR14 5Y ($)","COMPAQ COMPUTER ","204493100","HPC5$AR"
"COMPAQ COMPUTER SNR MR14 6M ($)","COMPAQ COMPUTER ","204493100","HPC0$AR"
"COMPAQ COMPUTER SNR MR14 7Y ($)","COMPAQ COMPUTER ","204493100","HPC7$AR"
"COMVERSE TECH INC SNR MR14 10Y $","COMVERSE TECH INC ","205862402","CMVA$AR"
"COMVERSE TECH INC SNR MR14 1Y $","COMVERSE TECH INC ","205862402","CMV1$AR"
"COMVERSE TECH INC SNR MR14 20Y $","COMVERSE TECH INC ","205862402","CMVB$AR"
"COMVERSE TECH INC SNR MR14 2Y $","COMVERSE TECH INC ","205862402","CMV2$AR"
"COMVERSE TECH INC SNR MR14 30Y $","COMVERSE TECH INC ","205862402","CMVC$AR"
"COMVERSE TECH INC SNR MR14 3Y $","COMVERSE TECH INC ","205862402","CMV3$AR"
"COMVERSE TECH INC SNR MR14 4Y $","COMVERSE TECH INC ","205862402","CMV4$AR"
"COMVERSE TECH INC SNR MR14 5Y $","COMVERSE TECH INC ","205862402","CMV5$AR"
"COMVERSE TECH INC SNR MR14 6M $","COMVERSE TECH INC ","205862402","CMV0$AR"
"COMVERSE TECH INC SNR MR14 7Y $","COMVERSE TECH INC ","205862402","CMV7$AR"
"CONAGRA BRANDS SNR MR14 10Y $","CONAGRA BRANDS ","205887102","CAGA$AR"
"CONAGRA BRANDS SNR MR14 1Y $","CONAGRA BRANDS ","205887102","CAG1$AR"
"CONAGRA BRANDS SNR MR14 20Y $","CONAGRA BRANDS ","205887102","CAGB$AR"
"CONAGRA BRANDS SNR MR14 2Y $","CONAGRA BRANDS ","205887102","CAG2$AR"
"CONAGRA BRANDS SNR MR14 30Y $","CONAGRA BRANDS ","205887102","CAGC$AR"
"CONAGRA BRANDS SNR MR14 3Y $","CONAGRA BRANDS ","205887102","CAG3$AR"
"CONAGRA BRANDS SNR MR14 4Y $","CONAGRA BRANDS ","205887102","CAG4$AR"
"CONAGRA BRANDS SNR MR14 5Y $","CONAGRA BRANDS ","205887102","CAG5$AR"
"CONAGRA BRANDS SNR MR14 6M $","CONAGRA BRANDS ","205887102","CAG0$AR"
"CONAGRA BRANDS SNR MR14 7Y $","CONAGRA BRANDS ","205887102","CAG7$AR"
"CONOCOPHILLIPS CO SNR MR14 10Y $","CONOCOPHILLIPS CO ","20825C104","CPHA$AR"
"CONOCOPHILLIPS CO SNR MR14 1Y $","CONOCOPHILLIPS CO ","20825C104","CPH1$AR"
"CONOCOPHILLIPS CO SNR MR14 20Y $","CONOCOPHILLIPS CO ","20825C104","CPHB$AR"
"CONOCOPHILLIPS CO SNR MR14 2Y $","CONOCOPHILLIPS CO ","20825C104","CPH2$AR"
"CONOCOPHILLIPS CO SNR MR14 30Y $","CONOCOPHILLIPS CO ","20825C104","CPHC$AR"
"CONOCOPHILLIPS CO SNR MR14 3Y $","CONOCOPHILLIPS CO ","20825C104","CPH3$AR"
"CONOCOPHILLIPS CO SNR MR14 4Y $","CONOCOPHILLIPS CO ","20825C104","CPH4$AR"
"CONOCOPHILLIPS CO SNR MR14 6M $","CONOCOPHILLIPS CO ","20825C104","CPH0$AR"
"CONOCOPHILLIPS CO SNR MR14 7Y $","CONOCOPHILLIPS CO ","20825C104","CPH7$AR"
"CONOCOPHILLIPS SNR MR14 10Y $","CONOCOPHILLIPS ","20825C104","COPA$AR"
"CONOCOPHILLIPS SNR MR14 1Y $","CONOCOPHILLIPS ","20825C104","COP1$AR"
"CONOCOPHILLIPS SNR MR14 20Y $","CONOCOPHILLIPS ","20825C104","COPB$AR"
"CONOCOPHILLIPS SNR MR14 2Y $","CONOCOPHILLIPS ","20825C104","COP2$AR"
"CONOCOPHILLIPS SNR MR14 30Y $","CONOCOPHILLIPS ","20825C104","COPC$AR"
"CONOCOPHILLIPS SNR MR14 3Y $","CONOCOPHILLIPS ","20825C104","COP3$AR"
"CONOCOPHILLIPS SNR MR14 4Y $","CONOCOPHILLIPS ","20825C104","COP4$AR"
"CONOCOPHILLIPS SNR MR14 5Y $","CONOCOPHILLIPS ","20825C104","COP5$AR"
"CONOCOPHILLIPS SNR MR14 6M $","CONOCOPHILLIPS ","20825C104","COP0$AR"
"CONOCOPHILLIPS SNR MR14 7Y $","CONOCOPHILLIPS ","20825C104","COP7$AR"
"CONSOLIDATED EDISON SNR MR14 10Y $","CONSOLIDATED EDISON ","209115104","ED.A$AR"
"CONSOLIDATED EDISON SNR MR14 1Y $","CONSOLIDATED EDISON ","209115104","ED.1$AR"
"CONSOLIDATED EDISON SNR MR14 20Y $","CONSOLIDATED EDISON ","209115104","ED.B$AR"
"CONSOLIDATED EDISON SNR MR14 2Y $","CONSOLIDATED EDISON ","209115104","ED.2$AR"
"CONSOLIDATED EDISON SNR MR14 30Y $","CONSOLIDATED EDISON ","209115104","ED.C$AR"
"CONSOLIDATED EDISON SNR MR14 3Y $","CONSOLIDATED EDISON ","209115104","ED.3$AR"
"CONSOLIDATED EDISON SNR MR14 4Y $","CONSOLIDATED EDISON ","209115104","ED.4$AR"
"CONSOLIDATED EDISON SNR MR14 5Y $","CONSOLIDATED EDISON ","209115104","ED.5$AR"
"CONSOLIDATED EDISON SNR MR14 6M $","CONSOLIDATED EDISON ","209115104","ED.0$AR"
"CONSOLIDATED EDISON SNR MR14 7Y $","CONSOLIDATED EDISON ","209115104","ED.7$AR"
"CONSTELLATION BRANDS SNR MR14 10Y $","CONSTELLATION BRANDS ","21036P207","STZA$AR"
"CONSTELLATION BRANDS SNR MR14 1Y $","CONSTELLATION BRANDS ","21036P207","STZ1$AR"
"CONSTELLATION BRANDS SNR MR14 20Y $","CONSTELLATION BRANDS ","21036P207","STZB$AR"
"CONSTELLATION BRANDS SNR MR14 2Y $","CONSTELLATION BRANDS ","21036P207","STZ2$AR"
"CONSTELLATION BRANDS SNR MR14 30Y $","CONSTELLATION BRANDS ","21036P207","STZC$AR"
"CONSTELLATION BRANDS SNR MR14 3Y $","CONSTELLATION BRANDS ","21036P207","STZ3$AR"
"CONSTELLATION BRANDS SNR MR14 4Y $","CONSTELLATION BRANDS ","21036P207","STZ4$AR"
"CONSTELLATION BRANDS SNR MR14 5Y $","CONSTELLATION BRANDS ","21036P207","STZ5$AR"
"CONSTELLATION BRANDS SNR MR14 6M $","CONSTELLATION BRANDS ","21036P207","STZ0$AR"
"CONSTELLATION BRANDS SNR MR14 7Y $","CONSTELLATION BRANDS ","21036P207","STZ7$AR"
"COOPER INDS, LLC SNR MR14 10Y$","COOPER INDS, LLC ","G24140108","COOA$AR"
"COOPER INDS, LLC SNR MR14 1Y$","COOPER INDS, LLC ","G24140108","COO1$AR"
"COOPER INDS, LLC SNR MR14 20Y$","COOPER INDS, LLC ","G24140108","COOB$AR"
"COOPER INDS, LLC SNR MR14 2Y$","COOPER INDS, LLC ","G24140108","COO2$AR"
"COOPER INDS, LLC SNR MR14 30Y$","COOPER INDS, LLC ","G24140108","COOC$AR"
"COOPER INDS, LLC SNR MR14 3Y$","COOPER INDS, LLC ","G24140108","COO3$AR"
"COOPER INDS, LLC SNR MR14 4Y$","COOPER INDS, LLC ","G24140108","COO4$AR"
"COOPER INDS, LLC SNR MR14 5Y$","COOPER INDS, LLC ","G24140108","COO5$AR"
"COOPER INDS, LLC SNR MR14 6M$","COOPER INDS, LLC ","G24140108","COO0$AR"
"COOPER INDS, LLC SNR MR14 7Y$","COOPER INDS, LLC ","G24140108","COO7$AR"
"COOPER TIRE & RUBBER SNR MR14 10Y $","COOPER TIRE & RUBBER ","216831107","CTBA$AR"
"COOPER TIRE & RUBBER SNR MR14 1Y $","COOPER TIRE & RUBBER ","216831107","CTB1$AR"
"COOPER TIRE & RUBBER SNR MR14 20Y $","COOPER TIRE & RUBBER ","216831107","CTBB$AR"
"COOPER TIRE & RUBBER SNR MR14 2Y $","COOPER TIRE & RUBBER ","216831107","CTB2$AR"
"COOPER TIRE & RUBBER SNR MR14 30Y $","COOPER TIRE & RUBBER ","216831107","CTBC$AR"
"COOPER TIRE & RUBBER SNR MR14 3Y $","COOPER TIRE & RUBBER ","216831107","CTB3$AR"
"COOPER TIRE & RUBBER SNR MR14 4Y $","COOPER TIRE & RUBBER ","216831107","CTB4$AR"
"COOPER TIRE & RUBBER SNR MR14 5Y $","COOPER TIRE & RUBBER ","216831107","CTB5$AR"
"COOPER TIRE & RUBBER SNR MR14 6M $","COOPER TIRE & RUBBER ","216831107","CTB0$AR"
"COOPER TIRE & RUBBER SNR MR14 7Y $","COOPER TIRE & RUBBER ","216831107","CTB7$AR"
"CORNING INC SNR MR14 10Y $","CORNING INC ","219350105","GLWA$AR"
"CORNING INC SNR MR14 1Y $","CORNING INC ","219350105","GLW1$AR"
"CORNING INC SNR MR14 20Y $","CORNING INC ","219350105","GLWB$AR"
"CORNING INC SNR MR14 2Y $","CORNING INC ","219350105","GLW2$AR"
"CORNING INC SNR MR14 30Y $","CORNING INC ","219350105","GLWC$AR"
"CORNING INC SNR MR14 3Y $","CORNING INC ","219350105","GLW3$AR"
"CORNING INC SNR MR14 4Y $","CORNING INC ","219350105","GLW4$AR"
"CORNING INC SNR MR14 5Y $","CORNING INC ","219350105","GLW5$AR"
"CORNING INC SNR MR14 6M $","CORNING INC ","219350105","GLW0$AR"
"CORNING INC SNR MR14 7Y $","CORNING INC ","219350105","GLW7$AR"
"CRANE CO. SNR MR14 10Y $","CRANE CO. ","224399105","CR.A$AR"
"CRANE CO. SNR MR14 1Y $","CRANE CO. ","224399105","CR.1$AR"
"CRANE CO. SNR MR14 20Y $","CRANE CO. ","224399105","CR.B$AR"
"CRANE CO. SNR MR14 2Y $","CRANE CO. ","224399105","CR.2$AR"
"CRANE CO. SNR MR14 30Y $","CRANE CO. ","224399105","CR.C$AR"
"CRANE CO. SNR MR14 3Y $","CRANE CO. ","224399105","CR.3$AR"
"CRANE CO. SNR MR14 4Y $","CRANE CO. ","224399105","CR.4$AR"
"CRANE CO. SNR MR14 5Y $","CRANE CO. ","224399105","CR.5$AR"
"CRANE CO. SNR MR14 6M $","CRANE CO. ","224399105","CR.0$AR"
"CRANE CO. SNR MR14 7Y $","CRANE CO. ","224399105","CR.7$AR"
"CUMMINS INC SNR MR14 10Y $","CUMMINS INC ","231021106","CUMA$AR"
"CUMMINS INC SNR MR14 1Y $","CUMMINS INC ","231021106","CUM1$AR"
"CUMMINS INC SNR MR14 20Y $","CUMMINS INC ","231021106","CUMB$AR"
"CUMMINS INC SNR MR14 2Y $","CUMMINS INC ","231021106","CUM2$AR"
"CUMMINS INC SNR MR14 30Y $","CUMMINS INC ","231021106","CUMC$AR"
"CUMMINS INC SNR MR14 3Y $","CUMMINS INC ","231021106","CUM3$AR"
"CUMMINS INC SNR MR14 4Y $","CUMMINS INC ","231021106","CUM4$AR"
"CUMMINS INC SNR MR14 5Y $","CUMMINS INC ","231021106","CUM5$AR"
"CUMMINS INC SNR MR14 6M $","CUMMINS INC ","231021106","CUM0$AR"
"CUMMINS INC SNR MR14 7Y $","CUMMINS INC ","231021106","CUM7$AR"
"CVS HEALTH CORP. SNR MR14 10Y $","CVS HEALTH CORP. ","126650100","CVSA$AR"
"CVS HEALTH CORP. SNR MR14 1Y $","CVS HEALTH CORP. ","126650100","CVS1$AR"
"CVS HEALTH CORP. SNR MR14 20Y $","CVS HEALTH CORP. ","126650100","CVSB$AR"
"CVS HEALTH CORP. SNR MR14 2Y $","CVS HEALTH CORP. ","126650100","CVS2$AR"
"CVS HEALTH CORP. SNR MR14 30Y $","CVS HEALTH CORP. ","126650100","CVSC$AR"
"CVS HEALTH CORP. SNR MR14 3Y $","CVS HEALTH CORP. ","126650100","CVS3$AR"
"CVS HEALTH CORP. SNR MR14 4Y $","CVS HEALTH CORP. ","126650100","CVS4$AR"
"CVS HEALTH CORP. SNR MR14 5Y $","CVS HEALTH CORP. ","126650100","CVS5$AR"
"CVS HEALTH CORP. SNR MR14 6M $","CVS HEALTH CORP. ","126650100","CVS0$AR"
"CVS HEALTH CORP. SNR MR14 7Y $","CVS HEALTH CORP. ","126650100","CVS7$AR"
"CYTEC INDUSTRIES SNR MR14 10Y $","CYTEC INDUSTRIES ","232820100","CYTA$AR"
"CYTEC INDUSTRIES SNR MR14 1Y $","CYTEC INDUSTRIES ","232820100","CYT1$AR"
"CYTEC INDUSTRIES SNR MR14 20Y $","CYTEC INDUSTRIES ","232820100","CYTB$AR"
"CYTEC INDUSTRIES SNR MR14 2Y $","CYTEC INDUSTRIES ","232820100","CYT2$AR"
"CYTEC INDUSTRIES SNR MR14 30Y $","CYTEC INDUSTRIES ","232820100","CYTC$AR"
"CYTEC INDUSTRIES SNR MR14 3Y $","CYTEC INDUSTRIES ","232820100","CYT3$AR"
"CYTEC INDUSTRIES SNR MR14 4Y $","CYTEC INDUSTRIES ","232820100","CYT4$AR"
"CYTEC INDUSTRIES SNR MR14 5Y $","CYTEC INDUSTRIES ","232820100","CYT5$AR"
"CYTEC INDUSTRIES SNR MR14 6M $","CYTEC INDUSTRIES ","232820100","CYT0$AR"
"CYTEC INDUSTRIES SNR MR14 7Y $","CYTEC INDUSTRIES ","232820100","CYT7$AR"
"DANAHER CORPORATION SNR MR14 10Y $","DANAHER CORPORATION ","235851102","DHRA$AR"
"DANAHER CORPORATION SNR MR14 1Y $","DANAHER CORPORATION ","235851102","DHR1$AR"
"DANAHER CORPORATION SNR MR14 20Y $","DANAHER CORPORATION ","235851102","DHRB$AR"
"DANAHER CORPORATION SNR MR14 2Y $","DANAHER CORPORATION ","235851102","DHR2$AR"
"DANAHER CORPORATION SNR MR14 30Y $","DANAHER CORPORATION ","235851102","DHRC$AR"
"DANAHER CORPORATION SNR MR14 3Y $","DANAHER CORPORATION ","235851102","DHR3$AR"
"DANAHER CORPORATION SNR MR14 4Y $","DANAHER CORPORATION ","235851102","DHR4$AR"
"DANAHER CORPORATION SNR MR14 5Y $","DANAHER CORPORATION ","235851102","DHR5$AR"
"DANAHER CORPORATION SNR MR14 6M $","DANAHER CORPORATION ","235851102","DHR0$AR"
"DANAHER CORPORATION SNR MR14 7Y $","DANAHER CORPORATION ","235851102","DHR7$AR"
"DARDEN RESTAURANTS SNR MR14 10Y $","DARDEN RESTAURANTS ","237194105","DRIA$AR"
"DARDEN RESTAURANTS SNR MR14 1Y $","DARDEN RESTAURANTS ","237194105","DRI1$AR"
"DARDEN RESTAURANTS SNR MR14 20Y $","DARDEN RESTAURANTS ","237194105","DRIB$AR"
"DARDEN RESTAURANTS SNR MR14 2Y $","DARDEN RESTAURANTS ","237194105","DRI2$AR"
"DARDEN RESTAURANTS SNR MR14 30Y $","DARDEN RESTAURANTS ","237194105","DRIC$AR"
"DARDEN RESTAURANTS SNR MR14 3Y $","DARDEN RESTAURANTS ","237194105","DRI3$AR"
"DARDEN RESTAURANTS SNR MR14 4Y $","DARDEN RESTAURANTS ","237194105","DRI4$AR"
"DARDEN RESTAURANTS SNR MR14 5Y $","DARDEN RESTAURANTS ","237194105","DRI5$AR"
"DARDEN RESTAURANTS SNR MR14 6M $","DARDEN RESTAURANTS ","237194105","DRI0$AR"
"DARDEN RESTAURANTS SNR MR14 7Y $","DARDEN RESTAURANTS ","237194105","DRI7$AR"
"DEERE & COMPANY SNR MR14 10Y $","DEERE & COMPANY ","244199105","DE.A$AR"
"DEERE & COMPANY SNR MR14 1Y $","DEERE & COMPANY ","244199105","DE.1$AR"
"DEERE & COMPANY SNR MR14 20Y $","DEERE & COMPANY ","244199105","DE.B$AR"
"DEERE & COMPANY SNR MR14 2Y $","DEERE & COMPANY ","244199105","DE.2$AR"
"DEERE & COMPANY SNR MR14 30Y $","DEERE & COMPANY ","244199105","DE.C$AR"
"DEERE & COMPANY SNR MR14 3Y $","DEERE & COMPANY ","244199105","DE.3$AR"
"DEERE & COMPANY SNR MR14 4Y $","DEERE & COMPANY ","244199105","DE.4$AR"
"DEERE & COMPANY SNR MR14 5Y $","DEERE & COMPANY ","244199105","DE.5$AR"
"DEERE & COMPANY SNR MR14 6M $","DEERE & COMPANY ","244199105","DE.0$AR"
"DEERE & COMPANY SNR MR14 7Y $","DEERE & COMPANY ","244199105","DE.7$AR"
"DELL INC. SNR MR14 10Y $","DELL INC. ","24702R101","DELA$AR"
"DELL INC. SNR MR14 1Y $","DELL INC. ","24702R101","DEL1$AR"
"DELL INC. SNR MR14 20Y $","DELL INC. ","24702R101","DELB$AR"
"DELL INC. SNR MR14 2Y $","DELL INC. ","24702R101","DEL2$AR"
"DELL INC. SNR MR14 30Y $","DELL INC. ","24702R101","DELC$AR"
"DELL INC. SNR MR14 3Y $","DELL INC. ","24702R101","DEL3$AR"
"DELL INC. SNR MR14 4Y $","DELL INC. ","24702R101","DEL4$AR"
"DELL INC. SNR MR14 5Y $","DELL INC. ","24702R101","DEL5$AR"
"DELL INC. SNR MR14 6M $","DELL INC. ","24702R101","DEL0$AR"
"DELL INC. SNR MR14 7Y $","DELL INC. ","24702R101","DEL7$AR"
"DELUXE CORPORATION SNR MR14 10Y $","DELUXE CORPORATION ","248019101","DLXA$AR"
"DELUXE CORPORATION SNR MR14 1Y $","DELUXE CORPORATION ","248019101","DLX1$AR"
"DELUXE CORPORATION SNR MR14 20Y $","DELUXE CORPORATION ","248019101","DLXB$AR"
"DELUXE CORPORATION SNR MR14 2Y $","DELUXE CORPORATION ","248019101","DLX2$AR"
"DELUXE CORPORATION SNR MR14 30Y $","DELUXE CORPORATION ","248019101","DLXC$AR"
"DELUXE CORPORATION SNR MR14 3Y $","DELUXE CORPORATION ","248019101","DLX3$AR"
"DELUXE CORPORATION SNR MR14 4Y $","DELUXE CORPORATION ","248019101","DLX4$AR"
"DELUXE CORPORATION SNR MR14 5Y $","DELUXE CORPORATION ","248019101","DLX5$AR"
"DELUXE CORPORATION SNR MR14 6M $","DELUXE CORPORATION ","248019101","DLX0$AR"
"DELUXE CORPORATION SNR MR14 7Y $","DELUXE CORPORATION ","248019101","DLX7$AR"
"DIRECTV HLDGS LLC SNR MR14 10Y $","DIRECTV HLDGS LLC ","25490A309","DTVA$AR"
"DIRECTV HLDGS LLC SNR MR14 1Y $","DIRECTV HLDGS LLC ","25490A309","DTV1$AR"
"DIRECTV HLDGS LLC SNR MR14 20Y $","DIRECTV HLDGS LLC ","25490A309","DTVB$AR"
"DIRECTV HLDGS LLC SNR MR14 2Y $","DIRECTV HLDGS LLC ","25490A309","DTV2$AR"
"DIRECTV HLDGS LLC SNR MR14 30Y $","DIRECTV HLDGS LLC ","25490A309","DTVC$AR"
"DIRECTV HLDGS LLC SNR MR14 3Y $","DIRECTV HLDGS LLC ","25490A309","DTV3$AR"
"DIRECTV HLDGS LLC SNR MR14 4Y $","DIRECTV HLDGS LLC ","25490A309","DTV4$AR"
"DIRECTV HLDGS LLC SNR MR14 5Y $","DIRECTV HLDGS LLC ","25490A309","DTV5$AR"
"DIRECTV HLDGS LLC SNR MR14 6M $","DIRECTV HLDGS LLC ","25490A309","DTV0$AR"
"DIRECTV HLDGS LLC SNR MR14 7Y $","DIRECTV HLDGS LLC ","25490A309","DTV7$AR"
"DOMINION ENERGY INC SNR MR14 10Y $","DOMINION ENERGY INC ","25746U109","D..A$AR"
"DOMINION ENERGY INC SNR MR14 1Y $","DOMINION ENERGY INC ","25746U109","D..1$AR"
"DOMINION ENERGY INC SNR MR14 20Y $","DOMINION ENERGY INC ","25746U109","D..B$AR"
"DOMINION ENERGY INC SNR MR14 2Y $","DOMINION ENERGY INC ","25746U109","D..2$AR"
"DOMINION ENERGY INC SNR MR14 30Y $","DOMINION ENERGY INC ","25746U109","D..C$AR"
"DOMINION ENERGY INC SNR MR14 3Y $","DOMINION ENERGY INC ","25746U109","D..3$AR"
"DOMINION ENERGY INC SNR MR14 4Y $","DOMINION ENERGY INC ","25746U109","D..4$AR"
"DOMINION ENERGY INC SNR MR14 5Y $","DOMINION ENERGY INC ","25746U109","D..5$AR"
"DOMINION ENERGY INC SNR MR14 6M $","DOMINION ENERGY INC ","25746U109","D..0$AR"
"DOMINION ENERGY INC SNR MR14 7Y $","DOMINION ENERGY INC ","25746U109","D..7$AR"
"DOMTAR CORPORATION SNR MR14 10Y $","DOMTAR CORPORATION ","257561100","UFXA$AR"
"DOMTAR CORPORATION SNR MR14 1Y $","DOMTAR CORPORATION ","257561100","UFX1$AR"
"DOMTAR CORPORATION SNR MR14 20Y $","DOMTAR CORPORATION ","257561100","UFXB$AR"
"DOMTAR CORPORATION SNR MR14 2Y $","DOMTAR CORPORATION ","257561100","UFX2$AR"
"DOMTAR CORPORATION SNR MR14 30Y $","DOMTAR CORPORATION ","257561100","UFXC$AR"
"DOMTAR CORPORATION SNR MR14 3Y $","DOMTAR CORPORATION ","257561100","UFX3$AR"
"DOMTAR CORPORATION SNR MR14 4Y $","DOMTAR CORPORATION ","257561100","UFX4$AR"
"DOMTAR CORPORATION SNR MR14 5Y $","DOMTAR CORPORATION ","257561100","UFX5$AR"
"DOMTAR CORPORATION SNR MR14 6M $","DOMTAR CORPORATION ","257561100","UFX0$AR"
"DOMTAR CORPORATION SNR MR14 7Y $","DOMTAR CORPORATION ","257561100","UFX7$AR"
"DOMTAR INC. SNR MR14 10Y $","DOMTAR INC. ","257561100","DTCA$AR"
"DOMTAR INC. SNR MR14 1Y $","DOMTAR INC. ","257561100","DTC1$AR"
"DOMTAR INC. SNR MR14 20Y $","DOMTAR INC. ","257561100","DTCB$AR"
"DOMTAR INC. SNR MR14 2Y $","DOMTAR INC. ","257561100","DTC2$AR"
"DOMTAR INC. SNR MR14 30Y $","DOMTAR INC. ","257561100","DTCC$AR"
"DOMTAR INC. SNR MR14 3Y $","DOMTAR INC. ","257561100","DTC3$AR"
"DOMTAR INC. SNR MR14 4Y $","DOMTAR INC. ","257561100","DTC4$AR"
"DOMTAR INC. SNR MR14 5Y $","DOMTAR INC. ","257561100","DTC5$AR"
"DOMTAR INC. SNR MR14 6M $","DOMTAR INC. ","257561100","DTC0$AR"
"DOMTAR INC. SNR MR14 7Y $","DOMTAR INC. ","257561100","DTC7$AR"
"DOVER CORPORATION SNR MR14 10Y $","DOVER CORPORATION ","260003108","DOVA$AR"
"DOVER CORPORATION SNR MR14 1Y $","DOVER CORPORATION ","260003108","DOV1$AR"
"DOVER CORPORATION SNR MR14 20Y $","DOVER CORPORATION ","260003108","DOVB$AR"
"DOVER CORPORATION SNR MR14 2Y $","DOVER CORPORATION ","260003108","DOV2$AR"
"DOVER CORPORATION SNR MR14 30Y $","DOVER CORPORATION ","260003108","DOVC$AR"
"DOVER CORPORATION SNR MR14 3Y $","DOVER CORPORATION ","260003108","DOV3$AR"
"DOVER CORPORATION SNR MR14 4Y $","DOVER CORPORATION ","260003108","DOV4$AR"
"DOVER CORPORATION SNR MR14 5Y $","DOVER CORPORATION ","260003108","DOV5$AR"
"DOVER CORPORATION SNR MR14 6M $","DOVER CORPORATION ","260003108","DOV0$AR"
"DOVER CORPORATION SNR MR14 7Y $","DOVER CORPORATION ","260003108","DOV7$AR"
"DTE ENERGY COMPANY SNR MR14 10Y $","DTE ENERGY COMPANY ","233331107","DTEA$AR"
"DTE ENERGY COMPANY SNR MR14 1Y $","DTE ENERGY COMPANY ","233331107","DTE1$AR"
"DTE ENERGY COMPANY SNR MR14 20Y $","DTE ENERGY COMPANY ","233331107","DTEB$AR"
"DTE ENERGY COMPANY SNR MR14 2Y $","DTE ENERGY COMPANY ","233331107","DTE2$AR"
"DTE ENERGY COMPANY SNR MR14 30Y $","DTE ENERGY COMPANY ","233331107","DTEC$AR"
"DTE ENERGY COMPANY SNR MR14 3Y $","DTE ENERGY COMPANY ","233331107","DTE3$AR"
"DTE ENERGY COMPANY SNR MR14 4Y $","DTE ENERGY COMPANY ","233331107","DTE4$AR"
"DTE ENERGY COMPANY SNR MR14 5Y $","DTE ENERGY COMPANY ","233331107","DTE5$AR"
"DTE ENERGY COMPANY SNR MR14 6M $","DTE ENERGY COMPANY ","233331107","DTE0$AR"
"DTE ENERGY COMPANY SNR MR14 7Y $","DTE ENERGY COMPANY ","233331107","DTE7$AR"
"DUKE EN CAROLINAS SNR MR14 10Y $","DUKE EN CAROLINAS ","26441C204","DUDA$AR"
"DUKE EN CAROLINAS SNR MR14 1Y $","DUKE EN CAROLINAS ","26441C204","DUD1$AR"
"DUKE EN CAROLINAS SNR MR14 20Y $","DUKE EN CAROLINAS ","26441C204","DUDB$AR"
"DUKE EN CAROLINAS SNR MR14 2Y $","DUKE EN CAROLINAS ","26441C204","DUD2$AR"
"DUKE EN CAROLINAS SNR MR14 30Y $","DUKE EN CAROLINAS ","26441C204","DUDC$AR"
"DUKE EN CAROLINAS SNR MR14 3Y $","DUKE EN CAROLINAS ","26441C204","DUD3$AR"
"DUKE EN CAROLINAS SNR MR14 4Y $","DUKE EN CAROLINAS ","26441C204","DUD4$AR"
"DUKE EN CAROLINAS SNR MR14 5Y $","DUKE EN CAROLINAS ","26441C204","DUD5$AR"
"DUKE EN CAROLINAS SNR MR14 6M $","DUKE EN CAROLINAS ","26441C204","DUD0$AR"
"DUKE EN CAROLINAS SNR MR14 7Y $","DUKE EN CAROLINAS ","26441C204","DUD7$AR"
"EASTMAN CHEMICAL CO SNR MR14 1Y $","EASTMAN CHEMICAL CO ","277432100","EMN1$AR"
"EASTMAN CHEMICAL CO SNR MR14 20Y $","EASTMAN CHEMICAL CO ","277432100","EMNB$AR"
"EASTMAN CHEMICAL CO SNR MR14 2Y $","EASTMAN CHEMICAL CO ","277432100","EMN2$AR"
"EASTMAN CHEMICAL CO SNR MR14 30Y $","EASTMAN CHEMICAL CO ","277432100","EMNC$AR"
"EASTMAN CHEMICAL CO SNR MR14 3Y $","EASTMAN CHEMICAL CO ","277432100","EMN3$AR"
"EASTMAN CHEMICAL CO SNR MR14 4Y $","EASTMAN CHEMICAL CO ","277432100","EMN4$AR"
"EASTMAN CHEMICAL CO SNR MR14 5Y $","EASTMAN CHEMICAL CO ","277432100","EMN5$AR"
"EASTMAN CHEMICAL CO SNR MR14 6M $","EASTMAN CHEMICAL CO ","277432100","EMN0$AR"
"EASTMAN CHEMICAL CO SNR MR14 7Y $","EASTMAN CHEMICAL CO ","277432100","EMN7$AR"
"EASTMAN KODAK CO SNR MR14 10Y $","EASTMAN KODAK CO ","277461109","EK.A$AR"
"EASTMAN KODAK CO SNR MR14 1Y $","EASTMAN KODAK CO ","277461109","EK.1$AR"
"EASTMAN KODAK CO SNR MR14 20Y $","EASTMAN KODAK CO ","277461109","EK.B$AR"
"EASTMAN KODAK CO SNR MR14 2Y $","EASTMAN KODAK CO ","277461109","EK.2$AR"
"EASTMAN KODAK CO SNR MR14 30Y $","EASTMAN KODAK CO ","277461109","EK.C$AR"
"EASTMAN KODAK CO SNR MR14 3Y $","EASTMAN KODAK CO ","277461109","EK.3$AR"
"EASTMAN KODAK CO SNR MR14 4Y $","EASTMAN KODAK CO ","277461109","EK.4$AR"
"EASTMAN KODAK CO SNR MR14 5Y $","EASTMAN KODAK CO ","277461109","EK.5$AR"
"EASTMAN KODAK CO SNR MR14 6M $","EASTMAN KODAK CO ","277461109","EK.0$AR"
"EASTMAN KODAK CO SNR MR14 7Y $","EASTMAN KODAK CO ","277461109","EK.7$AR"
"EI DUPONT DE NMS CO SNR MR14 10Y $","EI DUPONT DE NMS CO ","263534109","DD.A$AR"
"EI DUPONT DE NMS CO SNR MR14 1Y $","EI DUPONT DE NMS CO ","263534109","DD.1$AR"
"EI DUPONT DE NMS CO SNR MR14 20Y $","EI DUPONT DE NMS CO ","263534109","DD.B$AR"
"EI DUPONT DE NMS CO SNR MR14 2Y $","EI DUPONT DE NMS CO ","263534109","DD.2$AR"
"EI DUPONT DE NMS CO SNR MR14 30Y $","EI DUPONT DE NMS CO ","263534109","DD.C$AR"
"EI DUPONT DE NMS CO SNR MR14 3Y $","EI DUPONT DE NMS CO ","263534109","DD.3$AR"
"EI DUPONT DE NMS CO SNR MR14 4Y $","EI DUPONT DE NMS CO ","263534109","DD.4$AR"
"EI DUPONT DE NMS CO SNR MR14 5Y $","EI DUPONT DE NMS CO ","263534109","DD.5$AR"
"EI DUPONT DE NMS CO SNR MR14 6M $","EI DUPONT DE NMS CO ","263534109","DD.0$AR"
"EI DUPONT DE NMS CO SNR MR14 7Y $","EI DUPONT DE NMS CO ","263534109","DD.7$AR"
"EL PASO LLC SNR MR14 10Y $","EL PASO LLC ","190441105","EPGA$AR"
"EL PASO LLC SNR MR14 1Y $","EL PASO LLC ","190441105","EPG1$AR"
"EL PASO LLC SNR MR14 20Y $","EL PASO LLC ","190441105","EPGB$AR"
"EL PASO LLC SNR MR14 2Y $","EL PASO LLC ","190441105","EPG2$AR"
"EL PASO LLC SNR MR14 30Y $","EL PASO LLC ","190441105","EPGC$AR"
"EL PASO LLC SNR MR14 3Y $","EL PASO LLC ","190441105","EPG3$AR"
"EL PASO LLC SNR MR14 4Y $","EL PASO LLC ","190441105","EPG4$AR"
"EL PASO LLC SNR MR14 5Y $","EL PASO LLC ","190441105","EPG5$AR"
"EL PASO LLC SNR MR14 6M $","EL PASO LLC ","190441105","EPG0$AR"
"EL PASO LLC SNR MR14 7Y $","EL PASO LLC ","190441105","EPG7$AR"
"ELI LILLY AND CO SNR MR14 10Y $","ELI LILLY AND CO ","532457108","LLYA$AR"
"ELI LILLY AND CO SNR MR14 1Y $","ELI LILLY AND CO ","532457108","LLY1$AR"
"ELI LILLY AND CO SNR MR14 20Y $","ELI LILLY AND CO ","532457108","LLYB$AR"
"ELI LILLY AND CO SNR MR14 2Y $","ELI LILLY AND CO ","532457108","LLY2$AR"
"ELI LILLY AND CO SNR MR14 30Y $","ELI LILLY AND CO ","532457108","LLYC$AR"
"ELI LILLY AND CO SNR MR14 3Y $","ELI LILLY AND CO ","532457108","LLY3$AR"
"ELI LILLY AND CO SNR MR14 4Y $","ELI LILLY AND CO ","532457108","LLY4$AR"
"ELI LILLY AND CO SNR MR14 5Y $","ELI LILLY AND CO ","532457108","LLY5$AR"
"ELI LILLY AND CO SNR MR14 6M $","ELI LILLY AND CO ","532457108","LLY0$AR"
"ELI LILLY AND CO SNR MR14 7Y $","ELI LILLY AND CO ","532457108","LLY7$AR"
"EMERSON ELECTRIC CO SNR MR14 10Y $","EMERSON ELECTRIC CO ","291011104","EMRA$AR"
"EMERSON ELECTRIC CO SNR MR14 1Y $","EMERSON ELECTRIC CO ","291011104","EMR1$AR"
"EMERSON ELECTRIC CO SNR MR14 20Y $","EMERSON ELECTRIC CO ","291011104","EMRB$AR"
"EMERSON ELECTRIC CO SNR MR14 2Y $","EMERSON ELECTRIC CO ","291011104","EMR2$AR"
"EMERSON ELECTRIC CO SNR MR14 30Y $","EMERSON ELECTRIC CO ","291011104","EMRC$AR"
"EMERSON ELECTRIC CO SNR MR14 3Y $","EMERSON ELECTRIC CO ","291011104","EMR3$AR"
"EMERSON ELECTRIC CO SNR MR14 4Y $","EMERSON ELECTRIC CO ","291011104","EMR4$AR"
"EMERSON ELECTRIC CO SNR MR14 5Y $","EMERSON ELECTRIC CO ","291011104","EMR5$AR"
"EMERSON ELECTRIC CO SNR MR14 6M $","EMERSON ELECTRIC CO ","291011104","EMR0$AR"
"EMERSON ELECTRIC CO SNR MR14 7Y $","EMERSON ELECTRIC CO ","291011104","EMR7$AR"
"ENBRIDGE EN PTNS LP SNR MR14 10Y $","ENBRIDGE EN PTNS LP ","29250N105","EEPA$AR"
"ENBRIDGE EN PTNS LP SNR MR14 1Y $","ENBRIDGE EN PTNS LP ","29250N105","EEP1$AR"
"ENBRIDGE EN PTNS LP SNR MR14 20Y $","ENBRIDGE EN PTNS LP ","29250N105","EEPB$AR"
"ENBRIDGE EN PTNS LP SNR MR14 2Y $","ENBRIDGE EN PTNS LP ","29250N105","EEP2$AR"
"ENBRIDGE EN PTNS LP SNR MR14 30Y $","ENBRIDGE EN PTNS LP ","29250N105","EEPC$AR"
"ENBRIDGE EN PTNS LP SNR MR14 3Y $","ENBRIDGE EN PTNS LP ","29250N105","EEP3$AR"
"ENBRIDGE EN PTNS LP SNR MR14 4Y $","ENBRIDGE EN PTNS LP ","29250N105","EEP4$AR"
"ENBRIDGE EN PTNS LP SNR MR14 6M $","ENBRIDGE EN PTNS LP ","29250N105","EEP0$AR"
"ENBRIDGE EN PTNS LP SNR MR14 7Y $","ENBRIDGE EN PTNS LP ","29250N105","EEP7$AR"
"ENTERGY CORPORATION SNR MR14 10Y $","ENTERGY CORPORATION ","29364G103","ETRA$AR"
"ENTERGY CORPORATION SNR MR14 1Y $","ENTERGY CORPORATION ","29364G103","ETR1$AR"
"ENTERGY CORPORATION SNR MR14 20Y $","ENTERGY CORPORATION ","29364G103","ETRB$AR"
"ENTERGY CORPORATION SNR MR14 2Y $","ENTERGY CORPORATION ","29364G103","ETR2$AR"
"ENTERGY CORPORATION SNR MR14 30Y $","ENTERGY CORPORATION ","29364G103","ETRC$AR"
"ENTERGY CORPORATION SNR MR14 3Y $","ENTERGY CORPORATION ","29364G103","ETR3$AR"
"ENTERGY CORPORATION SNR MR14 4Y $","ENTERGY CORPORATION ","29364G103","ETR4$AR"
"ENTERGY CORPORATION SNR MR14 5Y $","ENTERGY CORPORATION ","29364G103","ETR5$AR"
"ENTERGY CORPORATION SNR MR14 6M $","ENTERGY CORPORATION ","29364G103","ETR0$AR"
"ENTERGY CORPORATION SNR MR14 7Y $","ENTERGY CORPORATION ","29364G103","ETR7$AR"
"EOG RESOURCES, INC. SNR MR14 10Y $","EOG RESOURCES, INC. ","26875P101","EOGA$AR"
"EOG RESOURCES, INC. SNR MR14 1Y $","EOG RESOURCES, INC. ","26875P101","EOG1$AR"
"EOG RESOURCES, INC. SNR MR14 20Y $","EOG RESOURCES, INC. ","26875P101","EOGB$AR"
"EOG RESOURCES, INC. SNR MR14 2Y $","EOG RESOURCES, INC. ","26875P101","EOG2$AR"
"EOG RESOURCES, INC. SNR MR14 30Y $","EOG RESOURCES, INC. ","26875P101","EOGC$AR"
"EOG RESOURCES, INC. SNR MR14 3Y $","EOG RESOURCES, INC. ","26875P101","EOG3$AR"
"EOG RESOURCES, INC. SNR MR14 4Y $","EOG RESOURCES, INC. ","26875P101","EOG4$AR"
"EOG RESOURCES, INC. SNR MR14 5Y $","EOG RESOURCES, INC. ","26875P101","EOG5$AR"
"EOG RESOURCES, INC. SNR MR14 6M $","EOG RESOURCES, INC. ","26875P101","EOG0$AR"
"EOG RESOURCES, INC. SNR MR14 7Y $","EOG RESOURCES, INC. ","26875P101","EOG7$AR"
"EQUIFAX INC. SNR MR14 10Y$","EQUIFAX INC. ","294429105","EFXA$AR"
"EQUIFAX INC. SNR MR14 1Y$","EQUIFAX INC. ","294429105","EFX1$AR"
"EQUIFAX INC. SNR MR14 20Y$","EQUIFAX INC. ","294429105","EFXB$AR"
"EQUIFAX INC. SNR MR14 2Y$","EQUIFAX INC. ","294429105","EFX2$AR"
"EQUIFAX INC. SNR MR14 30Y$","EQUIFAX INC. ","294429105","EFXC$AR"
"EQUIFAX INC. SNR MR14 3Y$","EQUIFAX INC. ","294429105","EFX3$AR"
"EQUIFAX INC. SNR MR14 4Y$","EQUIFAX INC. ","294429105","EFX4$AR"
"EQUIFAX INC. SNR MR14 5Y$","EQUIFAX INC. ","294429105","EFX5$AR"
"EQUIFAX INC. SNR MR14 6M$","EQUIFAX INC. ","294429105","EFX0$AR"
"EQUIFAX INC. SNR MR14 7Y$","EQUIFAX INC. ","294429105","EFX7$AR"
"LUMEN TECHS INC SNR MR14 10Y $","LUMEN TECHS INC ","550241103","CTLA$AR"
"LUMEN TECHS INC SNR MR14 1Y $","LUMEN TECHS INC ","550241103","CTL1$AR"
"LUMEN TECHS INC SNR MR14 20Y $","LUMEN TECHS INC ","550241103","CTLB$AR"
"LUMEN TECHS INC SNR MR14 2Y $","LUMEN TECHS INC ","550241103","CTL2$AR"
"LUMEN TECHS INC SNR MR14 30Y $","LUMEN TECHS INC ","550241103","CTLC$AR"
"LUMEN TECHS INC SNR MR14 3Y $","LUMEN TECHS INC ","550241103","CTL3$AR"
"LUMEN TECHS INC SNR MR14 4Y $","LUMEN TECHS INC ","550241103","CTL4$AR"
"LUMEN TECHS INC SNR MR14 5Y $","LUMEN TECHS INC ","550241103","CTL5$AR"
"LUMEN TECHS INC SNR MR14 6M $","LUMEN TECHS INC ","550241103","CTL0$AR"
"LUMEN TECHS INC SNR MR14 7Y $","LUMEN TECHS INC ","550241103","CTL7$AR"
"MERITOR INC SNR MR14 10Y $","MERITOR INC ","59001K100","ARMA$AR"
"MERITOR INC SNR MR14 1Y $","MERITOR INC ","59001K100","ARM1$AR"
"MERITOR INC SNR MR14 20Y $","MERITOR INC ","59001K100","ARMB$AR"
"MERITOR INC SNR MR14 2Y $","MERITOR INC ","59001K100","ARM2$AR"
"MERITOR INC SNR MR14 30Y $","MERITOR INC ","59001K100","ARMC$AR"
"MERITOR INC SNR MR14 3Y $","MERITOR INC ","59001K100","ARM3$AR"
"MERITOR INC SNR MR14 4Y $","MERITOR INC ","59001K100","ARM4$AR"
"MERITOR INC SNR MR14 5Y $","MERITOR INC ","59001K100","ARM5$AR"
"MERITOR INC SNR MR14 6M $","MERITOR INC ","59001K100","ARM0$AR"
"MERITOR INC SNR MR14 7Y $","MERITOR INC ","59001K100","ARM7$AR"
"NOKIA OF AMERICA SNR MR14 10Y $","NOKIA OF AMERICA ","60505104","LU.A$AR"
"NOKIA OF AMERICA SNR MR14 1Y $","NOKIA OF AMERICA ","60505104","LU.1$AR"
"NOKIA OF AMERICA SNR MR14 20Y $","NOKIA OF AMERICA ","60505104","LU.B$AR"
"NOKIA OF AMERICA SNR MR14 2Y $","NOKIA OF AMERICA ","60505104","LU.2$AR"
"NOKIA OF AMERICA SNR MR14 30Y $","NOKIA OF AMERICA ","60505104","LU.C$AR"
"NOKIA OF AMERICA SNR MR14 3Y $","NOKIA OF AMERICA ","60505104","LU.3$AR"
"NOKIA OF AMERICA SNR MR14 4Y $","NOKIA OF AMERICA ","60505104","LU.4$AR"
"NOKIA OF AMERICA SNR MR14 5Y $","NOKIA OF AMERICA ","60505104","LU.5$AR"
"NOKIA OF AMERICA SNR MR14 6M $","NOKIA OF AMERICA ","60505104","LU.0$AR"
"NOKIA OF AMERICA SNR MR14 7Y $","NOKIA OF AMERICA ","60505104","LU.7$AR"
